speaker_00,00:00.000,00:03.320,沈总好
SPEAKER_00,00:03.320,00:05.080,大家资产的各位领导同事好
SPEAKER_00,00:05.080,00:09.120,然后今天是因为我们中国电力清洁能源基金这个项目
SPEAKER_00,00:09.120,00:11.800,现在我们引进了大家资产
SPEAKER_00,00:11.800,00:13.440,作为我们的一个投资人
SPEAKER_00,00:13.440,00:17.160,然后大家资产对于我们整个项目也是非常的支持
SPEAKER_00,00:17.160,00:19.600,今天组织线上访谈
SPEAKER_00,00:19.600,00:24.000,也是想由大家资产的领导同事跟我们中国电力
SPEAKER_00,00:24.000,00:26.640,这边有一个电话的沟通
SPEAKER_00,00:26.640,00:29.080,然后了解一些我们中国电力的一些情况
SPEAKER_00,00:29.120,00:32.360,以便于后期整个项目的推进跟审批
SPEAKER_00,00:32.360,00:37.440,今天参会的主要是我们大家资产的投资团队
SPEAKER_00,00:37.440,00:41.960,以及性平风控等审核团队的相关领导同事
SPEAKER_00,00:41.960,00:43.600,然后中国电力这边参会的
SPEAKER_00,00:43.600,00:46.840,是我们中国电力财务部的副总经理沈海芳沈总
SPEAKER_00,00:46.840,00:52.400,因为中国电力本周要在香港召开业绩发布会
SPEAKER_00,00:52.400,00:56.200,所以说财务部的相关同事很多都去香港了
SPEAKER_00,00:56.240,00:58.520,包括说沈总本人现在也是在外地
SPEAKER_00,00:58.520,01:01.200,参加集团组织的相关培训
SPEAKER_00,01:01.200,01:05.320,所以说也是通过一个线上的方式进行一个访谈
SPEAKER_00,01:06.120,01:07.880,这是我简单介绍一下背景
SPEAKER_00,01:08.400,01:14.320,那余总咱要不下边这边就根据咱们性平相关同事的意见
SPEAKER_00,01:14.320,01:16.080,咱们可以跟沈总做一个沟通
SPEAKER_00,01:16.080,01:17.080,然后因为有些问题
SPEAKER_00,01:17.080,01:19.160,因为沈总现在他可能在外地参加培训
SPEAKER_00,01:19.160,01:21.960,可能手头有些资料或者说一些数据
SPEAKER_00,01:21.960,01:24.600,可能不是掌握的特别及时跟全面
SPEAKER_00,01:24.720,01:27.680,然后我们后续可以线下给您这边补充过来
SPEAKER_02,01:30.480,01:32.080,乔经理我先问一下
SPEAKER_02,01:32.320,01:35.560,就是昨天我们做的那个访谈
SPEAKER_02,01:35.560,01:38.440,是跟今天这一家是一家吗
SPEAKER_02,01:38.440,01:39.920,还是另外一家
SPEAKER_00,01:40.400,01:42.040,昨天我们是另一个投资人
SPEAKER_00,01:42.040,01:43.720,今天是大家资产
SPEAKER_00,01:44.200,01:45.960,然后因为我们现在这个
SPEAKER_00,01:45.960,01:50.120,因为中国电力的信用水平也很受保险资金的认可
SPEAKER_00,01:50.280,01:54.080,所以说投资人对我们的整个项目也很感兴趣
SPEAKER_00,01:54.600,01:56.160,今天我们是大家资产
SPEAKER_02,01:57.200,01:58.960,嗯好的
SPEAKER_00,02:03.240,02:05.480,余总您看要不咱们这边就现在开始
SPEAKER_06,02:07.200,02:07.840,好的
SPEAKER_06,02:07.840,02:09.920,谷老师你那边先开始吧
SPEAKER_04,02:10.160,02:11.120,好嘞
SPEAKER_04,02:11.120,02:12.800,先谢谢沈总也谢谢乔总
SPEAKER_04,02:12.800,02:17.120,特别谢谢沈总百忙之中参加我们这次电话的访谈
SPEAKER_04,02:17.480,02:20.600,我是大家资产信用评估部的谷世平
SPEAKER_04,02:21.600,02:25.960,然后沈总咱们是明计划是明天发布去年的全年的业绩是吧
SPEAKER_02,02:27.720,02:30.440,对他们那个
SPEAKER_02,02:30.440,02:34.000,对他们这一次应该是领导们都去香港了
SPEAKER_04,02:34.120,02:37.520,对然后大概的这个上午还是
SPEAKER_04,02:37.520,02:40.200,这个收盘之后发布
SPEAKER_02,02:40.200,02:43.000,我们具体我倒不太清楚这一块
SPEAKER_02,02:43.000,02:46.000,因为我这一周都在外面培培训
SPEAKER_02,02:46.000,02:47.160,嗯
SPEAKER_04,02:47.160,02:48.680,哦好嘞好嘞
SPEAKER_04,02:48.800,02:52.000,然后就是我这边的问题应该主要还都是
SPEAKER_04,02:52.000,02:57.560,集中于这个中国电力本身它的这个资质啊
SPEAKER_04,02:57.560,03:00.240,经营这块的这个相关的问题
SPEAKER_04,03:00.240,03:01.880,首先第一个
SPEAKER_04,03:01.880,03:03.600,首先第一个就是
SPEAKER_04,03:03.600,03:06.640,公司一般就从内部管理上讲
SPEAKER_04,03:06.640,03:07.480,嗯
SPEAKER_04,03:07.840,03:10.880,会关就是装在装机规模这一块的话
SPEAKER_04,03:10.880,03:12.480,会关心的是
SPEAKER_04,03:12.480,03:15.720,合并报表口径的装机还是
SPEAKER_04,03:15.720,03:18.440,总的这种所谓的合并装机
SPEAKER_04,03:18.440,03:20.320,还是这个全一装机
SPEAKER_04,03:20.320,03:22.920,这几个指标公司会更关注哪一个
SPEAKER_02,03:24.360,03:26.320,嗯你讲的
SPEAKER_02,03:26.320,03:30.040,我的理解应该是在合并口径的吧
SPEAKER_02,03:30.440,03:32.760,就是一个是上市口径的
SPEAKER_02,03:32.760,03:35.640,对集团来说呢我们还有一个全口径的
SPEAKER_02,03:35.840,03:36.960,可能全口径的
SPEAKER_02,03:36.960,03:40.080,包括我还有代管的一些境外的一些项目
SPEAKER_02,03:40.080,03:42.880,机组和我中电新能源还有一些
SPEAKER_02,03:43.240,03:45.400,嗯就是我实际上分为两个
SPEAKER_02,03:45.400,03:46.760,一个是考核口径
SPEAKER_02,03:46.920,03:49.080,然后还有一个是那个
SPEAKER_02,03:49.080,03:51.120,呃就是我们上市口径的
SPEAKER_04,03:51.840,03:54.240,考核口径其实就是内部管理的了
SPEAKER_04,03:54.240,03:56.600,然后上市口径其实就是相当于
SPEAKER_04,03:56.600,03:57.600,中国电力的
SPEAKER_04,03:57.600,04:00.040,上市公司表内的
SPEAKER_04,04:00.040,04:04.120,就并表的这些口径的这个装机是吧
SPEAKER_04,04:04.640,04:05.120,对
SPEAKER_04,04:05.280,04:06.400,好明白
SPEAKER_04,04:06.400,04:08.000,然后
SPEAKER_04,04:08.360,04:11.120,第二个问题就是关于因为咱们是火电为主
SPEAKER_04,04:11.120,04:15.360,所以想了解的是咱们整个火电的
SPEAKER_04,04:15.400,04:18.880,这个采购端它的这个长斜煤的这种
SPEAKER_04,04:18.880,04:22.320,采购的比例能够占到整个煤炭采购的比例
SPEAKER_04,04:22.760,04:23.680,是多少
SPEAKER_04,04:23.680,04:26.960,第二个就是在上网这一端
SPEAKER_04,04:26.960,04:30.480,那这个市场电跟这个计划电的这种
SPEAKER_04,04:30.480,04:31.840,比例以及限制
SPEAKER_04,04:31.840,04:33.440,还有这个决策机制是什么
SPEAKER_04,04:33.440,04:34.560,就是
SPEAKER_02,04:34.560,04:37.760,这一块这一块这样吧
SPEAKER_02,04:37.760,04:40.600,就是乔经理你要么看看这个问题是
SPEAKER_02,04:40.600,04:42.640,你事后再给我们
SPEAKER_02,04:42.640,04:45.240,我们可能要跟专业部门再碰一下
SPEAKER_02,04:45.680,04:48.400,从专业部门那边拿一些数据
SPEAKER_02,04:48.400,04:49.960,现在是这样的
SPEAKER_02,04:49.960,04:51.320,就是各家电厂
SPEAKER_02,04:51.320,04:53.760,我只能说是各家电厂的一些情况
SPEAKER_02,04:53.760,04:56.000,但整体数据我可能要跟我们
SPEAKER_02,04:56.000,04:59.120,就蓝管中心那边要相关的一些数据
SPEAKER_02,04:59.120,05:01.840,你刚才包括你说到的这个
SPEAKER_02,05:01.840,05:04.520,长斜煤的一个情况和
SPEAKER_02,05:04.520,05:07.600,那个就是我们营销这一块
SPEAKER_02,05:07.600,05:11.520,那么现在那一块实际上是没有计划电了
SPEAKER_02,05:11.520,05:12.560,应该说是
SPEAKER_02,05:13.200,05:14.080,就是
SPEAKER_02,05:14.080,05:17.760,对现在是基本上各个省市都是
SPEAKER_02,05:17.760,05:20.560,取消了计划电或者基础电量这一块
SPEAKER_02,05:20.560,05:22.560,基本上全是一个
SPEAKER_02,05:22.560,05:25.680,就是也不叫现货吧
SPEAKER_02,05:25.680,05:29.040,它实际上电量这一块也是分了一个长斜
SPEAKER_02,05:29.040,05:32.240,年度长斜还有月度长斜之类的
SPEAKER_02,05:32.240,05:34.640,就有点类似于煤炭这一块
SPEAKER_02,05:34.640,05:36.400,但是它电力市场
SPEAKER_02,05:36.400,05:38.560,它不是一个完全放开的一个市场
SPEAKER_02,05:38.560,05:40.000,因为它有限价
SPEAKER_02,05:40.000,05:41.080,它有限价
SPEAKER_02,05:41.120,05:43.000,基本上最高你不能超过
SPEAKER_02,05:43.000,05:44.760,就是它有一个
SPEAKER_02,05:44.760,05:47.400,各省有一个基本电价的20%
SPEAKER_02,05:47.400,05:47.880,对
SPEAKER_02,05:47.880,05:50.040,然后那个就是
SPEAKER_02,05:50.040,05:50.840,嗯
SPEAKER_02,05:51.600,05:53.160,就煤炭这一块
SPEAKER_02,05:53.160,05:55.640,你到时候把那个问题
SPEAKER_02,05:55.640,05:56.640,到时候给到我们
SPEAKER_02,05:56.640,05:58.280,我们也跟就是
SPEAKER_02,05:58.280,06:00.720,要一下就是中国电力全口径的
SPEAKER_02,06:00.720,06:02.200,目前的一些情况
SPEAKER_02,06:02.200,06:04.920,因为我了解的就是各家电厂的情况
SPEAKER_02,06:04.920,06:05.800,可能不一样
SPEAKER_02,06:05.800,06:07.320,有的呢做了一些
SPEAKER_02,06:07.320,06:10.000,煤电连营的一些项目
SPEAKER_02,06:10.000,06:11.120,那么可能
SPEAKER_02,06:11.120,06:14.040,比如说我们平纬发电那一块
SPEAKER_02,06:14.040,06:16.080,那么它是它的
SPEAKER_02,06:16.080,06:19.320,它和中国电力是占了60%的股份
SPEAKER_02,06:19.320,06:21.880,然后40%是淮矿的
SPEAKER_02,06:21.880,06:25.600,那么淮矿可能给它的煤炭量会多一点
SPEAKER_02,06:25.600,06:28.640,还有一些我们有一些坑口电厂
SPEAKER_02,06:28.640,06:31.600,那么还有就是各种情况还不一样
SPEAKER_02,06:31.600,06:33.520,但整体的数据我这边没有
SPEAKER_02,06:33.520,06:36.520,可能事后我们再跟相关部门再要一下
SPEAKER_02,06:36.520,06:39.000,大致的一些数据和占比的情况
SPEAKER_04,06:39.040,06:40.760,嗯好明白
SPEAKER_04,06:40.760,06:43.240,然后就是电就是上网这一块的话
SPEAKER_04,06:43.240,06:45.360,咱们都是咱们的下游
SPEAKER_04,06:45.360,06:47.160,唯一的客户就是国家电网
SPEAKER_04,06:47.160,06:49.040,以及各地的这个
SPEAKER_04,06:49.040,06:50.880,它的这种各地的电力公司吗
SPEAKER_04,06:50.880,06:53.280,还是说有那种直接2B的那种
SPEAKER_04,06:53.280,06:55.080,直供电的这种客户
SPEAKER_02,06:56.520,06:57.800,它现在是这样的
SPEAKER_02,06:57.800,06:59.520,就是这一块呢
SPEAKER_02,06:59.520,07:00.360,实际上各
SPEAKER_02,07:00.360,07:03.080,可能各个省市还有些差异吧
SPEAKER_02,07:03.080,07:07.000,嗯就是像江苏这一块区域的话
SPEAKER_02,07:07.000,07:08.520,实际上我们结算的呢
SPEAKER_02,07:08.520,07:12.280,还是都是跟这个省电力公司来结算的
SPEAKER_02,07:12.280,07:14.680,就是真正的一个结算我的
SPEAKER_02,07:14.680,07:16.680,呃这个我的电费收入这一块
SPEAKER_02,07:16.680,07:18.680,这一块是没有放开的
SPEAKER_02,07:18.680,07:21.720,那么从呃从真正意义上
SPEAKER_02,07:21.720,07:24.440,就是我的交易对手这一块来说呢
SPEAKER_02,07:24.440,07:26.240,实际上也有大用户
SPEAKER_02,07:26.240,07:27.840,还有受电公司
SPEAKER_02,07:27.840,07:30.160,像我们这边长寿电厂
SPEAKER_02,07:30.160,07:32.960,那么它一年大部分的电量会通过
SPEAKER_02,07:32.960,07:36.440,它跟地方合作的一个受电公司
SPEAKER_02,07:36.440,07:41.320,去获取年度的一些长期的一些交易的一些电量
SPEAKER_02,07:41.320,07:43.720,然后还有月度的一些竞价
SPEAKER_02,07:43.720,07:44.960,但整体来说呢
SPEAKER_02,07:44.960,07:47.840,这一块就是实际上还是有保障的
SPEAKER_02,07:47.840,07:51.680,就不是说我就相当于是取消了计划电
SPEAKER_02,07:51.680,07:52.880,这这一块之后
SPEAKER_02,07:52.880,07:55.000,就我的电量是没有保障的
speaker_无,07:55.000,07:58.960,嗯明白就是只是说形式上面会不一样
SPEAKER_02,07:58.960,08:00.000,但实际上结算呢
SPEAKER_02,08:00.000,08:02.200,都是跟电网公司去结算的
SPEAKER_04,08:02.200,08:02.800,哦明白
SPEAKER_04,08:02.800,08:06.600,那就相当于咱们的应收账款的那个对象
SPEAKER_04,08:06.600,08:08.240,主要就是电网公司
SPEAKER_04,08:08.240,08:10.960,这一块的回款可能会有实质
SPEAKER_04,08:10.960,08:13.880,但是不太会有坏账的这种风险
SPEAKER_04,08:13.880,08:14.920,能这样理解吗
SPEAKER_02,08:14.920,08:17.160,嗯这个基本上没有问题
SPEAKER_02,08:17.160,08:19.080,至少目前来说的话
SPEAKER_02,08:19.080,08:22.560,整个国家就是各个省市这个电费结算
SPEAKER_02,08:22.560,08:26.320,基本上就是都是通过这个电网公司来结的
SPEAKER_02,08:26.320,08:29.800,而且像集团公司对这个要求
SPEAKER_02,08:29.800,08:33.080,包括中国电力对下面三级单位也是有要求的
SPEAKER_02,08:33.080,08:37.240,就是我们的电费回收率是每个月都要达到100%
SPEAKER_02,08:37.240,08:42.440,就相当于我当月要把上个月的电费要全部结回来的
SPEAKER_02,08:42.440,08:44.920,所以这个火电这一块
SPEAKER_02,08:44.920,08:48.040,包括当然新能源它除了补贴这一块
SPEAKER_02,08:48.040,08:50.240,新能源的话因为补贴这一块
SPEAKER_02,08:50.240,08:53.800,去年是它给国家拨了大概30批的一个
SPEAKER_02,08:53.800,08:56.960,就是财政补助的这个资金之后呢
SPEAKER_02,08:56.960,09:01.520,基本上清了至少有50%的这个新能源补贴
SPEAKER_02,09:01.520,09:04.520,那么像火电和新能源的那个基础
SPEAKER_02,09:04.520,09:07.360,新能源应该有基础电量这一块
SPEAKER_02,09:07.360,09:10.800,就是基础的那一块电价这一块呢
SPEAKER_02,09:10.800,09:13.120,基本上次月都能结回来的
SPEAKER_02,09:13.120,09:18.200,所以这个现金流还是相对比较充裕的
SPEAKER_04,09:18.200,09:19.320,好的明白
SPEAKER_04,09:19.320,09:23.360,然后就是有关注到水电业务这一块啊
SPEAKER_04,09:23.360,09:26.080,咱们19年20年和21年
SPEAKER_04,09:26.120,09:30.600,其实水电的营业收入都是50多个亿
SPEAKER_04,09:30.600,09:33.880,但是它的毛利率波动会比较大
SPEAKER_04,09:33.880,09:36.000,像19年是35%
SPEAKER_04,09:36.000,09:38.680,20年是将近50%
SPEAKER_04,09:38.680,09:42.840,然后21年又跌到了40%以下
SPEAKER_04,09:42.840,09:44.400,只有37%
SPEAKER_04,09:44.400,09:46.960,就是在一个收入没有大幅波动的情况下
SPEAKER_04,09:46.960,09:50.320,为什么它的这个毛利率会有这么大的波动呢
SPEAKER_02,09:50.320,09:53.040,水电这一块呢主要是我们
SPEAKER_02,09:53.040,09:55.960,类似于虽然是装载了中国电力
SPEAKER_02,09:55.960,09:59.840,但是它是另外一家公司在管理这一块情况
SPEAKER_02,09:59.840,10:01.080,我们再了解一下
SPEAKER_02,10:01.080,10:03.880,我的判断我不知道是不是因为
SPEAKER_02,10:03.880,10:08.480,这个我们具体再了解一下吧好吗
SPEAKER_02,10:08.480,10:10.080,我现在也不太好说
SPEAKER_02,10:10.080,10:13.040,因为是我们它那个管理关系
SPEAKER_02,10:13.040,10:15.400,它虽然资产是装载了中国电力
SPEAKER_02,10:15.400,10:17.040,但它主要的管理关系呢
SPEAKER_02,10:17.040,10:20.720,就类似于是集团公司的另外一家二级单位
SPEAKER_02,10:20.720,10:25.360,我们就是叫武林电力在具体在管理
SPEAKER_02,10:25.360,10:29.840,所以呢我们可能得后续再了解一下这个情况
SPEAKER_02,10:29.840,10:31.440,你把这个问题解一解
SPEAKER_04,10:31.440,10:32.560,对没问题
SPEAKER_04,10:32.560,10:34.960,这个武林电力相当于是咱们
SPEAKER_04,10:34.960,10:36.960,名义上是咱们的一个子公司
SPEAKER_04,10:36.960,10:40.800,但从管理上来讲是咱们的兄弟单位
SPEAKER_02,10:40.800,10:45.000,对类似于是它的管理关系是在那边
SPEAKER_02,10:45.000,10:50.120,但它的资产的股权关系是属于中国电力下面的
SPEAKER_04,10:50.120,10:53.120,哦好的没问题
SPEAKER_04,10:53.160,10:55.120,嗯那这个
SPEAKER_04,10:55.120,10:58.680,然后再就是光伏和风电这一块
SPEAKER_04,10:58.680,11:01.840,因为这两年也是有这种政策的一些变动
SPEAKER_04,11:01.840,11:03.480,包括补贴的退波
SPEAKER_04,11:03.480,11:06.080,然后想了解一下说它这种
SPEAKER_04,11:06.080,11:08.080,第一个问题就是
SPEAKER_04,11:08.080,11:11.200,它这种补贴的退波是说
SPEAKER_04,11:11.200,11:14.840,新老化断之前补贴就是多少了
SPEAKER_04,11:14.840,11:17.440,在多少年之内一直是那个补贴
SPEAKER_04,11:17.440,11:23.920,还是说它是逐渐历史上已经上网的这些装机
SPEAKER_04,11:23.920,11:28.000,它的补贴的电价补贴也会逐渐变小
speaker_无,11:28.000,11:30.640,就这块还不太明白
SPEAKER_02,11:30.640,11:35.040,它补贴退波现在实际上从哪一年开始
SPEAKER_02,11:35.040,11:38.960,应该都是平价上网的一个光伏和风电项目了
SPEAKER_04,11:38.960,11:40.320,就没有了
SPEAKER_02,11:40.320,11:43.360,它就是看你什么时候投产的
SPEAKER_02,11:43.360,11:44.800,你只要在那个时间点
SPEAKER_02,11:44.840,11:47.080,应该是2018年6月30号之前
speaker_无,11:47.080,11:48.680,是不是就是
SPEAKER_02,11:48.680,11:50.760,还是在后面
SPEAKER_02,11:50.760,11:53.480,就相当于是以前是基本上每年
SPEAKER_02,11:53.480,11:57.920,比如说你2017年6月30号之前是多少
SPEAKER_02,11:57.920,11:59.720,是7毛5还是8毛5的
SPEAKER_02,11:59.720,12:03.000,然后到2018年6月30号是7毛5
SPEAKER_02,12:03.000,12:05.960,你只要在那个时间段之前
SPEAKER_02,12:05.960,12:13.360,就相当于你全部投产上网了之后
SPEAKER_02,12:13.520,12:16.320,你就能永久性的享受这个补贴
SPEAKER_02,12:16.320,12:17.960,当然它也不叫永久性
SPEAKER_02,12:17.960,12:25.160,它应该有个20年还有多少万小时的一个规定的
SPEAKER_02,12:25.160,12:28.320,就不会说是你原来核定你带补贴的
SPEAKER_02,12:28.320,12:29.360,你符合条件的
SPEAKER_02,12:29.360,12:31.400,那后续就没有了
SPEAKER_04,12:31.400,12:34.560,它其实就是一个根据上网并网的这个
SPEAKER_04,12:34.560,12:37.000,时间的洗脑划断这样的一个
SPEAKER_02,12:37.000,12:39.920,对你当时投产的时间来看的
SPEAKER_04,12:39.920,12:41.000,好的明白
SPEAKER_04,12:41.000,12:42.960,然后接下来一个问题就是
SPEAKER_04,12:42.960,12:47.200,因为咱们现在在建和拟建的
SPEAKER_04,12:47.200,12:53.360,这个风电以及光伏的装机计划会比较大
SPEAKER_04,12:53.360,12:56.160,我的疑问分成两块
SPEAKER_04,12:56.160,12:59.560,第一块是这种投资计划
SPEAKER_04,12:59.560,13:03.560,咱们有能给一个表格一样的数码
SPEAKER_04,13:03.560,13:05.560,第二块问题就是
SPEAKER_04,13:05.560,13:07.960,就是在投之前
SPEAKER_04,13:07.960,13:10.800,因为毕竟还是有一些拟投的项目
SPEAKER_04,13:10.800,13:16.040,在投之前这种上网的这种销纳的
SPEAKER_04,13:16.040,13:18.280,这个我不知道是用一个指标
SPEAKER_04,13:18.280,13:19.800,还是用什么来衡量
SPEAKER_04,13:19.800,13:23.800,就是能否保证他
SPEAKER_04,13:23.800,13:27.600,投钱就能保证他将来能一定能上网
SPEAKER_04,13:27.600,13:30.400,而且在投钱咱们对他的这种
SPEAKER_04,13:30.400,13:35.000,财务内部财务的这个投资的评价标准是什么
speaker_无,13:36.000,13:39.000,嗯
SPEAKER_02,13:39.000,13:42.200,就是你你你讲的就是
SPEAKER_02,13:42.200,13:43.400,呃
SPEAKER_02,13:43.400,13:47.200,就是你再说一下就是评价
SPEAKER_02,13:47.200,13:50.200,就是你怎么来测算他的经济效益这一块吗
SPEAKER_04,13:50.200,13:52.600,对就经济效益这一块的话就相当于投钱
SPEAKER_04,13:52.600,13:55.000,咱们会有一个类似于
SPEAKER_04,13:55.000,13:56.000,啊
SPEAKER_04,13:56.000,13:59.800,利润率以及这个IRR就是内部收益率
SPEAKER_04,13:59.800,14:01.800,这样的一个一个一个
SPEAKER_04,14:01.800,14:04.000,呃测算的这种
SPEAKER_04,14:04.000,14:05.800,测算的
SPEAKER_04,14:05.800,14:09.800,呃评审会评估会这种这种决策机制吗
SPEAKER_04,14:09.800,14:13.800,如果有的话那这种指标一般会设在什么位置
SPEAKER_04,14:13.800,14:16.800,啊以及他基础的假设是什么啊
SPEAKER_02,14:16.800,14:19.400,就是他新能源项目呢
SPEAKER_02,14:19.400,14:22.200,风风电荣光复啊之后新能源项目呢
SPEAKER_02,14:22.200,14:26.000,呃他是集团会有一个标准的
SPEAKER_02,14:26.000,14:31.200,呃比如说是他的呃这个这个全投资收益率要达到多少
SPEAKER_02,14:31.200,14:35.200,然后他的呃资本金的内部收益率需要达到多少
SPEAKER_02,14:35.200,14:39.000,他有一个最最低的一个要求除非是这种
SPEAKER_02,14:39.000,14:42.600,呃新产业比如说现在的什么零碳电厂啊
SPEAKER_02,14:42.600,14:47.000,包括那个呃储能啊或者是有一些就是嗯
SPEAKER_02,14:47.000,14:50.200,就是无人区的一些一些一些呢
SPEAKER_02,14:50.200,14:53.500,可能从中国电力会集团战略性的一个角度
SPEAKER_02,14:53.500,14:56.400,那可能会收益率会相对的放低一点
SPEAKER_02,14:56.400,14:59.100,但其他的这种普通的风电和光复
SPEAKER_02,14:59.100,15:02.400,他都是有一个最低收益率的一个要求的
SPEAKER_02,15:02.400,15:08.100,然后这一块呢实际上每个项目现在呃都是要在前期真的投资前
SPEAKER_02,15:08.100,15:11.700,他都要上会决策的实际上要经过好几个程序
SPEAKER_02,15:11.700,15:17.800,首先第一个可能是呃叫嗯立项吧嗯
SPEAKER_02,15:17.800,15:20.200,就是呃首先要立项
SPEAKER_02,15:20.200,15:21.400,然后立项了之后呢
SPEAKER_02,15:21.400,15:25.400,你才可以开展一些呃前期的一些项目
SPEAKER_02,15:25.400,15:30.400,比如说你可以可以找事后所来做一些经济效益的测算啊
SPEAKER_02,15:30.400,15:32.500,边界条件的一些核定啊
SPEAKER_02,15:32.500,15:35.200,一些一些事项的进调啊
SPEAKER_02,15:35.200,15:43.700,然后会进行一个呃叫呃项目的一个就是你刚才说的一个经济效益的一个评审
SPEAKER_02,15:43.700,15:49.200,然后评审完了之后还要上中国电力的一个投投决会投决会呢
SPEAKER_02,15:49.200,15:55.000,就相当于中国电力的应该说是呃金银层的一个比较高层次的
SPEAKER_02,15:55.100,15:56.700,一个决策会
SPEAKER_02,15:56.700,15:59.200,然后决策会决策完了之后呢
SPEAKER_02,15:59.200,16:02.300,你后后面他真的要开工之前
SPEAKER_02,16:02.300,16:05.100,他还会有要上一个办公会还是什么
SPEAKER_02,16:05.100,16:06.700,就是同意你开工
SPEAKER_02,16:06.700,16:09.400,所以实际上他有一个层层的一个把关
SPEAKER_02,16:09.400,16:14.000,但是你最低的一个要求就是你要符合这个收益的条件
SPEAKER_02,16:14.000,16:15.100,实际上目前呢
SPEAKER_02,16:15.100,16:20.200,就是呃经过实际上呃前面这个这个新能源
SPEAKER_02,16:20.200,16:26.100,因为国家提出3060这个这个碳碳达峰和碳综合呢
SPEAKER_02,16:26.100,16:27.300,他有一个阶段呢
SPEAKER_02,16:27.300,16:31.700,确实是呃当时发展的时候会比较粗放型的
SPEAKER_02,16:31.700,16:33.000,但目前呢
SPEAKER_02,16:33.000,16:35.800,现在都是要求是高质量发展
SPEAKER_02,16:35.800,16:38.900,就是你的你必须要收益率要达到呃
SPEAKER_02,16:38.900,16:39.700,另外一个呢
SPEAKER_02,16:39.700,16:41.200,就是要合规方面
SPEAKER_02,16:41.200,16:42.600,你不能踩红线
SPEAKER_02,16:42.600,16:46.200,就是有一些呃生态环保的要求不符合啊
SPEAKER_02,16:46.200,16:49.200,或者是有一些土地的红线啊
SPEAKER_02,16:49.200,16:52.000,就是这主要是把握这两点吧
SPEAKER_02,16:52.000,16:53.000,然后同时呢
SPEAKER_02,16:53.000,16:56.300,你这个项目上头角之前呢
SPEAKER_02,16:56.300,16:57.500,就是呃
SPEAKER_02,16:57.500,17:00.400,因为中国电力本部也管不过来这么多项目吗
SPEAKER_02,17:00.400,17:08.100,他会依托就下面大的电厂或者有一些专门的一些平台公司去负责这一些项目的一些开发
SPEAKER_02,17:08.100,17:14.000,就是呃属于的一些一些呃公司去去开发这些项目
SPEAKER_02,17:14.000,17:18.700,那么呃基本上是这个呃代管的这个单位的
SPEAKER_02,17:18.700,17:21.600,这个呃领导就是一把手吧
SPEAKER_02,17:21.600,17:23.600,他都要欠责任状的
SPEAKER_02,17:23.600,17:26.000,前5年你的收益要达到多少
SPEAKER_02,17:26.000,17:29.200,然后你整体的收益率要达到多少啊
SPEAKER_02,17:29.200,17:32.800,所以都有一些保障的一些体系的嗯
SPEAKER_04,17:32.800,17:33.500,明白
SPEAKER_04,17:33.500,17:38.100,那这一块具体的财务数能方便透露一点吧
SPEAKER_04,17:38.100,17:39.700,就是比如说最低
SPEAKER_04,17:39.700,17:42.700,咱们的内部收益率的要求要达到多少
SPEAKER_04,17:42.700,17:47.600,然后这种呃项目的这种销售利润率要达到多少
SPEAKER_04,17:47.600,17:50.100,这个有个最低的数或者一个大概的数就行
SPEAKER_02,17:51.200,17:57.800,他这样子就是反正以前的资本金收益率的那个呃要求呢
SPEAKER_02,17:57.800,18:00.700,应该是反正差不多在10%左右吧
SPEAKER_02,18:00.700,18:05.600,以前的补贴项目和这个非补贴项目可能会有有点差异
SPEAKER_02,18:05.600,18:10.200,但现在呢基本上是差不多就是在10%左右嗯
SPEAKER_02,18:10.200,18:13.400,嗯10%这个是资本金的一个内部收益率
SPEAKER_04,18:14.000,18:15.500,资本金的内部收益率
SPEAKER_04,18:15.600,18:19.100,那这个是这个是考虑了这个融资以后
SPEAKER_04,18:19.400,18:23.200,就是可以踢踢出了财务财务的成本以后
SPEAKER_04,18:23.200,18:25.900,相当于类似于ROE的这样一个概念是吧
SPEAKER_02,18:26.200,18:32.100,对对对就是1%是20%和80%的一个资本结构吗
SPEAKER_02,18:32.100,18:33.800,嗯80%贷款
SPEAKER_02,18:33.800,18:36.200,然后一般贷款呢也是按照
SPEAKER_02,18:36.200,18:39.900,呃基本上是按照我们现有的LPR来算的吧
SPEAKER_04,18:40.500,18:44.300,嗯相当于假基础假设是LPR的融资成本
speaker_无,18:45.000,18:46.600,对呃5年期
SPEAKER_02,18:47.500,18:51.100,嗯长期的就是他有一些铺底的流动资金
SPEAKER_02,18:51.100,18:53.000,那可能是3.65现在是
SPEAKER_02,18:53.000,18:55.300,然后5年以上的可能4.3左右
SPEAKER_04,18:55.800,18:57.100,哦好明白
SPEAKER_04,18:58.100,18:58.600,嗯
SPEAKER_04,19:00.700,19:01.200,然后
SPEAKER_04,19:04.600,19:05.700,啊然后再就是说
SPEAKER_04,19:06.200,19:10.700,呃因为我们这单业务是把它会寄到少数股东权益里
SPEAKER_04,19:11.700,19:16.400,嗯啊那呃除了我们这单业务之外
SPEAKER_04,19:16.400,19:18.700,那公司历史上还开展过
SPEAKER_04,19:19.100,19:22.500,呃多少量的其他的这种这种业务
SPEAKER_04,19:22.500,19:24.000,就在少数股东权益里
SPEAKER_04,19:24.400,19:25.800,啊咱们还有大概多少
SPEAKER_02,19:27.700,19:30.800,嗯这一块就是类似的业务是吗
SPEAKER_04,19:30.900,19:33.100,对对就类似结构的
SPEAKER_04,19:33.100,19:36.900,包括可能将来也是涉及到一个回购
SPEAKER_04,19:36.900,19:39.900,或者是转永续债的这样这样这样设计的
SPEAKER_02,19:41.400,19:42.900,这个这个这样吧
SPEAKER_02,19:42.900,19:46.300,嗯这个问题你先那个先记录下来
SPEAKER_02,19:46.300,19:49.500,一个呢我我得总数我还真没有
SPEAKER_02,19:49.600,19:51.100,就是我这边还没统计过
SPEAKER_02,19:51.100,19:54.100,我可能得跟相关的口词再
SPEAKER_02,19:54.600,19:55.700,呃再要一下
SPEAKER_02,19:56.200,19:57.600,嗯另外一个呢
SPEAKER_02,19:57.600,20:01.200,我我们也得看看这个这个看看啊方便透露
SPEAKER_02,20:01.200,20:03.300,这个这个整体的这个情况
SPEAKER_02,20:03.500,20:05.500,反正他类型呢还是比较多的
SPEAKER_02,20:05.500,20:08.100,比如说现在有这个这个
SPEAKER_02,20:08.600,20:09.600,呃叫什么
SPEAKER_02,20:09.700,20:11.900,之前做的那类词我不知道是不是
SPEAKER_02,20:11.900,20:14.200,还有一个呢做过这个载转股
SPEAKER_02,20:14.400,20:16.600,还有就是实际上这种并表基金呢
SPEAKER_02,20:16.600,20:20.000,还是我们第一次也是中国电力估计也就是
SPEAKER_02,20:20.300,20:21.700,唯一能做的一次了
SPEAKER_02,20:21.700,20:24.600,因为去年应该上半年开始吧
SPEAKER_02,20:24.700,20:27.400,就是我们这个基金呢应该成立是
SPEAKER_02,20:28.000,20:29.300,前年下半年
SPEAKER_02,20:29.500,20:31.200,前年年底的时候成立的
SPEAKER_02,20:31.200,20:32.600,但是去年上半年
SPEAKER_02,20:33.500,20:34.600,嗯6月份左右吧
SPEAKER_02,20:34.600,20:35.600,5、6月份左右
SPEAKER_02,20:35.700,20:37.600,后来集团就不同意再做了
SPEAKER_02,20:37.800,20:39.700,所以就是同类的基金
SPEAKER_02,20:39.700,20:41.800,就并表基金这一块呢应该是
SPEAKER_02,20:42.200,20:43.600,呃只此一次了
SPEAKER_04,20:43.900,20:45.600,嗯哦明白明白
SPEAKER_01,20:46.300,20:46.700,嗯
SPEAKER_04,20:47.400,20:49.100,好谢谢沈总您解答很清楚
SPEAKER_04,20:49.100,20:50.600,我这边暂时没有其他疑问了
SPEAKER_04,20:50.600,20:51.600,看其他同事呢
SPEAKER_04,20:52.200,20:53.900,嗯好好谢谢沈总
SPEAKER_01,20:54.500,20:55.200,沈总您好
SPEAKER_01,20:55.200,20:57.100,我是大家资产风险管理部的
SPEAKER_01,20:57.100,20:59.500,我刚想接着那个我们同事问一下
SPEAKER_01,20:59.500,21:01.600,就是说您刚说上半年呃
SPEAKER_01,21:01.600,21:02.500,去年上半年
SPEAKER_01,21:02.500,21:05.100,集团不再同意做这种并表基金了
SPEAKER_01,21:05.200,21:07.800,那个原因是什么方便透露一下
SPEAKER_02,21:08.900,21:11.800,嗯这个我具体的原因我倒不太清楚
SPEAKER_02,21:11.800,21:14.700,好像是是不是国资委对这一块也有
SPEAKER_02,21:14.700,21:15.700,相关的一些
SPEAKER_02,21:16.100,21:19.100,呃一些管理的措施然后层层下来的
SPEAKER_01,21:20.000,21:22.900,那您刚刚说的那个累率的载转股都是
SPEAKER_01,21:22.900,21:26.300,那个呃中国电力这块的那个业务
SPEAKER_01,21:26.300,21:29.400,不是那个国电头集团层面的业务
SPEAKER_02,21:29.600,21:31.800,没有这个都是在国国电
SPEAKER_02,21:31.800,21:34.500,国电头统一的情况下才能做的
SPEAKER_02,21:35.400,21:38.100,他有一个授权的就是你授权范围内
SPEAKER_02,21:38.100,21:39.400,你可以自主开转
SPEAKER_02,21:39.600,21:41.000,你授权范围内的
SPEAKER_02,21:41.000,21:44.100,外的一定要经过集团公司同意才能做
SPEAKER_02,21:44.300,21:45.300,包括我们载转股
SPEAKER_02,21:45.300,21:48.600,每一笔都是要经集团公司呃审批的
SPEAKER_02,21:49.300,21:51.100,包括我们这个项目也是的
SPEAKER_02,21:51.900,21:53.600,呃但是呢就是说嗯
SPEAKER_02,21:53.600,21:56.500,你首先的规则就相当于集团公司要
SPEAKER_02,21:56.700,21:58.900,能够做这项业务你才能做
SPEAKER_01,22:00.900,22:02.000,哦明白
SPEAKER_01,22:02.200,22:04.800,然后我还想问一下就是这笔业务的
SPEAKER_01,22:04.800,22:06.800,那个融资背景吧
SPEAKER_01,22:06.800,22:09.400,就是说为什么咱们选择这个交易结构
SPEAKER_01,22:09.400,22:10.500,这个嗯
SPEAKER_02,22:11.800,22:13.200,实际上嗯这个
SPEAKER_02,22:13.900,22:17.000,基本上每每每每一个那个都会问到吧
SPEAKER_02,22:17.000,22:19.600,每一个资金方都会问到同类的问题
SPEAKER_02,22:19.900,22:21.500,这一块呢说实话我
SPEAKER_02,22:21.500,22:24.400,我是觉得真的是实际上对我们来说啊
SPEAKER_02,22:24.400,22:27.100,就是觉得资金成本还是挺高的
SPEAKER_02,22:27.400,22:29.000,你看我们现在火电企业
SPEAKER_02,22:29.000,22:31.200,昨天那个另外一家资方也谈到了
SPEAKER_02,22:31.200,22:32.700,就火电企业的现金流
SPEAKER_02,22:32.700,22:34.600,但是我也是眼晴嘛
SPEAKER_02,22:34.600,22:37.200,当时电电断断续续的听到实际上
SPEAKER_02,22:37.700,22:39.900,嗯像像我们现在火电企业
SPEAKER_02,22:39.900,22:41.800,虽然说是连续亏损两年
SPEAKER_02,22:41.800,22:44.200,但他的现金流还是比较充裕
SPEAKER_02,22:44.400,22:45.800,谁虽然是账上
SPEAKER_02,22:45.800,22:48.200,就是你你亏了看看好几个亿
SPEAKER_02,22:48.200,22:50.200,但他的现金流一点都不缺
SPEAKER_02,22:50.400,22:52.400,所以整个融资还是比较低的
SPEAKER_02,22:52.400,22:54.600,包括今年我们好多电厂
SPEAKER_02,22:54.600,22:57.300,这个特别是一季度的时候都在拿保供贷
SPEAKER_02,22:57.300,22:59.900,保供贷的利率都到了2%以下
SPEAKER_02,23:00.400,23:04.500,然后基本上这个正常的一个现金流的
SPEAKER_02,23:04.500,23:05.700,正常的流贷
SPEAKER_02,23:06.600,23:09.700,包括三年以上的贷款都是在3%以下
SPEAKER_02,23:10.000,23:11.700,就不是保供贷这一块的
SPEAKER_02,23:12.000,23:13.000,嗯所以呢
SPEAKER_02,23:13.100,23:15.200,我们为什么要付出这么大的代价
SPEAKER_02,23:15.200,23:18.300,或者成本去去去做权益融资
SPEAKER_02,23:18.300,23:19.300,主要呢是
SPEAKER_02,23:19.700,23:23.100,呃因为前几年国资委就是对各大央企的
SPEAKER_02,23:23.100,23:25.200,一个资产负债率的一个考核
SPEAKER_02,23:25.200,23:27.700,就相当于你资产负债率不能超
SPEAKER_02,23:27.700,23:28.900,一旦超了之后呢
SPEAKER_02,23:28.900,23:32.300,他会对你的投资计划会有管控
SPEAKER_02,23:32.500,23:34.100,就相当于你一手是
SPEAKER_02,23:34.400,23:35.700,拽着这个发展吗
SPEAKER_02,23:35.800,23:37.700,就是你你要有投资计划
SPEAKER_02,23:38.000,23:39.100,你才能去发展
SPEAKER_02,23:39.100,23:40.500,但一个企业没有发展
SPEAKER_02,23:40.500,23:42.700,我一直说的肯定是最大的风险
SPEAKER_02,23:43.100,23:45.700,你你你必须要保持你新能源项目
SPEAKER_02,23:45.800,23:47.500,包括新产业的一些发展
SPEAKER_02,23:47.800,23:49.500,那你要投出去钱的话
SPEAKER_02,23:49.500,23:51.400,实际上会增加你的资产负债率
SPEAKER_02,23:51.700,23:54.400,但是呢同时另另外一方面就相当于
SPEAKER_02,23:54.400,23:55.900,我要降资产负债率
SPEAKER_02,23:55.900,23:57.200,那降资产负债率
SPEAKER_02,23:57.400,23:59.800,那那只能去找一些权益融资
SPEAKER_02,24:00.200,24:01.500,来降资产负债率
SPEAKER_02,24:01.500,24:03.800,然后那一块我才能保证我的发展
SPEAKER_02,24:03.800,24:06.100,这样做一个资产负债率的一个平衡
SPEAKER_02,24:07.100,24:09.300,大概是这么一个背景吧
SPEAKER_01,24:09.800,24:11.000,哦那我理解就是说
SPEAKER_01,24:11.000,24:12.500,如果要降资产负债率的话
SPEAKER_01,24:12.500,24:15.500,也可以通过公开的发永续债来讲啊
SPEAKER_01,24:15.500,24:17.800,那这个跟咱们这笔业务有什么区别
SPEAKER_02,24:18.700,24:20.400,它是这样子永续债呢
SPEAKER_02,24:20.400,24:22.800,一般是就是集团公司
SPEAKER_02,24:22.900,24:25.400,集团公司他整体会做一些规划的
SPEAKER_02,24:25.400,24:26.500,像永续债呢
SPEAKER_02,24:26.800,24:28.840,我们一般都是集团公司他统一发
SPEAKER_02,24:28.840,24:30.100,然后我们承接
SPEAKER_02,24:31.800,24:33.000,对对
SPEAKER_02,24:33.800,24:34.900,然后二级单位呢
SPEAKER_02,24:34.900,24:37.300,基本上就是通过那类似啊这些
SPEAKER_02,24:37.700,24:39.500,嗯还有这这这这
SPEAKER_02,24:40.000,24:41.700,赛转股啊包括这些
SPEAKER_02,24:42.000,24:44.100,嗯就是它不是单一的方式
SPEAKER_02,24:44.600,24:46.040,它是多种方式在做
SPEAKER_01,24:46.700,24:49.340,哦然后我看就是现在那个中电
SPEAKER_01,24:49.340,24:52.100,他存续的永续债是20年发的嘛
SPEAKER_01,24:52.100,24:53.840,然后今年也不可期完呢
SPEAKER_01,24:53.940,24:55.060,那您刚才说的话
SPEAKER_01,24:55.060,24:57.340,是不是就是说未来公司也不太可能
SPEAKER_01,24:57.340,24:58.200,会发永续债
SPEAKER_01,24:58.200,24:59.400,就如果要发永续债的话
SPEAKER_01,24:59.400,25:01.140,也是从集团那边去发
SPEAKER_02,25:01.900,25:03.340,对现在这两年
SPEAKER_02,25:03.400,25:05.500,都是承接了一部分集团公司
SPEAKER_02,25:05.500,25:07.200,给火箭企业的永续债
SPEAKER_02,25:07.560,25:09.900,虽然我们也觉得资金成本还还
SPEAKER_02,25:10.360,25:13.360,也比我们自己的融资的成本还要高一点
SPEAKER_02,25:14.000,25:16.260,但他因为可以放在权益里面嘛
SPEAKER_01,25:18.500,25:19.760,集团这边的永续债
SPEAKER_01,25:19.760,25:21.960,如果给到公司的话成本是多少
SPEAKER_02,25:23.160,25:24.600,呃去年给的
SPEAKER_02,25:24.960,25:26.340,大概是在
SPEAKER_02,25:27.060,25:29.160,好像不超过4吧我记得是
speaker_无,25:30.160,25:31.800,三点几大概
SPEAKER_01,25:32.160,25:36.400,那也还是比比这比要要低不少其实
SPEAKER_02,25:37.400,25:37.900,对
SPEAKER_02,25:39.120,25:40.120,但是现在永续债
SPEAKER_02,25:40.120,25:43.200,反正集团他统一在规划在做
SPEAKER_02,25:43.720,25:44.900,在在考虑
SPEAKER_02,25:44.900,25:47.100,但我不知道他这个永续债是不是
SPEAKER_02,25:47.360,25:48.800,他主要这个永续债
SPEAKER_02,25:48.800,25:50.620,好像给到的都是火箭企业
SPEAKER_02,25:50.620,25:52.460,我不知道他这个方式上面是不是通过
SPEAKER_02,25:52.460,25:53.400,还是这个
SPEAKER_02,25:53.720,25:56.160,呃这两年因为火电宝宫啊这一块
SPEAKER_02,25:56.160,25:59.060,所以能拿到一些相对比较优惠的资金吧
SPEAKER_01,25:59.920,26:00.420,嗯
SPEAKER_01,26:01.000,26:04.060,明白然后我想问一下就是呃
SPEAKER_01,26:04.060,26:06.860,本次我们这个业务他一共打包了有
SPEAKER_01,26:07.400,26:08.660,20多个项目吗
SPEAKER_01,26:08.660,26:09.660,就是这几
SPEAKER_01,26:09.660,26:12.260,这些项目整体是怎么筛选出来的
SPEAKER_01,26:12.260,26:13.760,你这边清楚吗
SPEAKER_02,26:15.060,26:18.660,呃我们整体就是这个并表基金做的应该
SPEAKER_02,26:18.660,26:21.060,是十13个项目吧
SPEAKER_01,26:21.460,26:22.620,然后之前是
SPEAKER_02,26:23.320,26:24.920,对对13个项目公司啊
SPEAKER_02,26:24.920,26:26.420,你讲的是项目是吗
speaker_无,26:26.500,26:28.360,对对对对对啊
SPEAKER_02,26:28.760,26:30.020,那个嗯
SPEAKER_02,26:30.100,26:31.560,这些呢我们就是
SPEAKER_02,26:31.860,26:34.500,当时也是按照实际上13个项目公司呢
SPEAKER_02,26:34.500,26:36.760,我们第一批当时是落地了
SPEAKER_02,26:36.760,26:38.720,大概有4个项目吧
SPEAKER_02,26:39.160,26:41.220,呃然后呢也是按照
SPEAKER_02,26:41.460,26:45.560,就是就是当时的一些相关的一些约定吧
SPEAKER_02,26:45.900,26:49.320,和这个宗保头的一些筛选的一些
SPEAKER_02,26:49.520,26:52.100,条件或者资金方筛选的一些条件
SPEAKER_02,26:52.460,26:53.900,呃包括合规性
SPEAKER_02,26:54.200,26:56.820,然后收益率实际上合规性这一块呢
SPEAKER_02,26:56.820,26:58.880,我觉得你们也不要有过多的一个考虑
SPEAKER_02,26:58.880,27:01.560,只要能装在中国电力上市公司里面的
SPEAKER_02,27:01.560,27:03.420,我们基本上合规性这一块
SPEAKER_02,27:03.680,27:04.780,都是没有问题的
SPEAKER_02,27:04.780,27:07.820,而且去年整个就是国家对
SPEAKER_02,27:08.180,27:11.620,呃全基本上绝大部分的新生意项目吧
SPEAKER_02,27:11.620,27:14.580,也就做过这个新生意补贴的一个核查了
SPEAKER_02,27:14.580,27:17.120,所以我们自己心里都是有数的
SPEAKER_02,27:17.520,27:19.920,呃然后就是收益率啊
SPEAKER_02,27:19.920,27:22.260,包括其他的一些方面的一些考虑吧
SPEAKER_02,27:24.180,27:26.580,因为他收益比例有一些条件吗
SPEAKER_01,27:27.120,27:30.960,嗯好那这13个项目公司就是转让的那个
SPEAKER_01,27:31.220,27:34.820,呃内部的审批手续都已经发完了是吗
SPEAKER_02,27:35.580,27:38.820,对我们就应该是差一个上市公司的
SPEAKER_02,27:38.820,27:39.920,一个披露了
speaker_无,27:40.360,27:42.180,因为上市公司要发公告吗
speaker_无,27:42.220,27:43.280,发公告的话
SPEAKER_02,27:43.660,27:46.820,呃一定是要跟资金方那边敲定了
SPEAKER_02,27:46.820,27:49.820,就资金方那边内部审批的程序
SPEAKER_02,27:50.020,27:51.080,也要履行完
SPEAKER_02,27:51.560,27:55.160,然后我们嗯基本上是签协议那天
SPEAKER_02,27:55.520,27:57.100,然后我要发公告
SPEAKER_02,27:58.000,28:00.320,呃其他的程序都履行了
SPEAKER_01,28:01.160,28:02.860,那就是到时候那个
SPEAKER_01,28:02.860,28:05.620,因为呃中电这边是需要回购的吗
SPEAKER_01,28:05.620,28:06.900,那是回购的话
SPEAKER_01,28:07.220,28:08.020,是前置的
SPEAKER_01,28:08.020,28:10.220,就是说在现在都已经审批完了
SPEAKER_01,28:10.220,28:13.060,还是说到时候要再去重新内部去审批
SPEAKER_02,28:15.400,28:17.820,他那个回购应该是这个
SPEAKER_02,28:18.020,28:21.100,这个这个待会小经理再补充一下吧
SPEAKER_02,28:21.100,28:23.320,因为他前前后后这个我也是
SPEAKER_02,28:23.620,28:26.920,呃大概去年下半年的时候才参与进来的
SPEAKER_02,28:26.920,28:29.420,因为我们之前有一个领导去集团了
SPEAKER_02,28:29.480,28:31.180,然后把这一块交给我了
SPEAKER_02,28:31.480,28:33.560,呃可能小经理会更清楚一点
SPEAKER_02,28:33.660,28:37.520,这个呢也是按照当时应该是呃这个这个
SPEAKER_02,28:37.720,28:39.480,框架协议上的一些
SPEAKER_02,28:39.480,28:41.720,相关的一些约定来做的吧
SPEAKER_02,28:41.920,28:43.380,现在肯定是没办法
SPEAKER_02,28:43.380,28:46.020,你说锁定这个回购的一些事项的
SPEAKER_02,28:46.020,28:47.760,因为他这个项目是
SPEAKER_02,28:48.020,28:51.660,既要确认是并表的项目又要确认是
SPEAKER_02,28:52.060,28:54.460,呃就相当于是权益融资
SPEAKER_02,28:54.860,28:58.300,呃所以呢这一块就是包括框架协议的签订
SPEAKER_02,28:58.300,29:00.760,和我们现有的转让合同的一个
SPEAKER_02,29:01.060,29:04.860,呃文本的一些内容都是经过我国内外的
SPEAKER_02,29:05.200,29:07.520,嗯呃国内是主要是瑞华
SPEAKER_02,29:07.520,29:09.900,呃是是是叫啥呢
SPEAKER_02,29:09.900,29:13.220,大家搜索了国那个国外是安安永吗
SPEAKER_02,29:13.460,29:15.860,就是四大四大所里面安永
SPEAKER_02,29:15.860,29:19.400,就是我们也是前前后后的讨论过那个
SPEAKER_02,29:19.840,29:22.060,嗯好多次好多次了
SPEAKER_02,29:22.500,29:25.640,就是一定要符符合那个条件然后才
SPEAKER_02,29:26.040,29:29.000,呃出上戳上的那些条款
SPEAKER_02,29:29.560,29:32.040,然后你你说现在来锁定这个回购
SPEAKER_02,29:32.040,29:34.300,估计这一块是没办法
SPEAKER_02,29:34.640,29:36.800,就现在去锁定这个回购的
SPEAKER_02,29:36.840,29:38.100,如果锁定了回购
SPEAKER_02,29:38.100,29:41.160,那有可能就不能确认为权益或者是
SPEAKER_02,29:41.440,29:44.040,并表主要是当时这些条款是考虑
SPEAKER_02,29:44.300,29:45.560,要符合那两个
SPEAKER_02,29:46.040,29:46.960,呃条件
SPEAKER_02,29:47.740,29:49.160,就要达成我的目标
SPEAKER_02,29:49.400,29:50.260,对嗯
SPEAKER_02,29:50.860,29:52.860,否则我做这个就没有意义了
SPEAKER_01,29:53.800,29:54.700,是的是的
SPEAKER_00,29:54.700,29:58.360,那你好那个我接着沈总刚才说的补充一下
SPEAKER_00,29:58.360,30:00.360,吧就关于我们整个的情况
SPEAKER_00,30:00.360,30:03.400,就是刚才沈总也提到了就是我这个
SPEAKER_00,30:03.960,30:05.860,中国电力它涉及的审计是比较多
SPEAKER_00,30:05.860,30:07.360,他这个呃
SPEAKER_00,30:07.460,30:09.460,国外就是这个香港的这个安永
SPEAKER_00,30:09.460,30:10.260,然后国内呢
SPEAKER_00,30:10.260,30:13.060,就包括集团的审计是是立信还有天值
SPEAKER_00,30:13.400,30:15.900,然后这些条款呢他们都已经确认过了
SPEAKER_00,30:15.900,30:17.760,就关于这个审批的问题是这样
SPEAKER_00,30:17.760,30:20.580,就是说我们现在的整个交易结构
SPEAKER_00,30:20.580,30:22.180,不管是这个优先回购权
SPEAKER_00,30:22.180,30:23.520,还是说这个转永续
SPEAKER_00,30:23.860,30:25.060,这些所有的结构呢
SPEAKER_00,30:25.060,30:27.560,中国电力的董事局包括说这个
SPEAKER_00,30:27.820,30:29.980,国电投集团都已经完成审批了
SPEAKER_00,30:29.980,30:31.560,然后我们后续可以把这个
SPEAKER_00,30:31.780,30:34.120,审批的决议文件补充给您这边
SPEAKER_00,30:34.360,30:35.620,啊那至于说就是说
SPEAKER_00,30:35.620,30:37.620,比如说它是不是100%确定回购
SPEAKER_00,30:37.620,30:39.720,这个确实是也是基于这个
SPEAKER_00,30:40.020,30:41.320,呃权益融资的需要嘛
SPEAKER_00,30:41.320,30:42.680,他没有办法定的这么死
SPEAKER_00,30:42.680,30:45.360,但是我们现有的所有的交易结构
SPEAKER_00,30:45.360,30:46.920,所有的交易要素框架
SPEAKER_00,30:47.040,30:48.920,都已经完成相关的审批了
SPEAKER_01,30:51.140,30:52.980,好好的我明白谢谢
SPEAKER_01,30:53.080,30:54.980,那呃就是我这边还想问一下
SPEAKER_01,30:54.980,30:56.680,因为最后他会有一个
SPEAKER_01,30:56.680,30:58.480,就是我们这边基金有权利
SPEAKER_01,30:58.480,31:00.580,把那个资产转成永续吗
SPEAKER_01,31:00.720,31:01.880,这个转永续的话
SPEAKER_01,31:01.880,31:04.080,就是集团也已经就是审批过了
SPEAKER_01,31:04.080,31:05.740,这个交易结构了是吗
SPEAKER_00,31:06.640,31:08.380,对这个也已经审批过了
SPEAKER_00,31:08.380,31:10.920,然后那个呃其实从中电
SPEAKER_00,31:10.920,31:13.080,或者说从国电投集团的角度来说
SPEAKER_00,31:13.080,31:14.820,他们的这个想法
SPEAKER_00,31:14.820,31:16.280,就是认为转永续的这个条款
SPEAKER_00,31:16.280,31:17.040,不会触发嘛
SPEAKER_00,31:17.040,31:18.500,他们认为这个也是为了
SPEAKER_00,31:18.680,31:20.400,满足咱们投资人的这个
SPEAKER_00,31:20.640,31:22.540,投资安全的需要做的一个增进
SPEAKER_00,31:22.540,31:23.880,其实从他们的角度来说
SPEAKER_00,31:23.880,31:25.180,他们肯定还是选择
SPEAKER_00,31:25.400,31:27.480,届时通过这个行使回购的方式
SPEAKER_00,31:27.480,31:29.280,把资产买回去啊
SPEAKER_00,31:29.280,31:31.140,但是说就这个条款而言
SPEAKER_00,31:31.280,31:34.440,我们这个也已经通过这个中国电力董事局
SPEAKER_00,31:34.440,31:36.800,包括说国电投集团的审批了
SPEAKER_01,31:38.000,31:39.100,就是因为我们
SPEAKER_01,31:39.280,31:41.800,我我们现在看这个交易文件里面
SPEAKER_01,31:41.800,31:44.640,关于转永续这个其实约定的比较模糊
SPEAKER_01,31:44.640,31:45.760,就是说他到底
SPEAKER_01,31:46.000,31:48.140,未来是转成永续的标债
SPEAKER_01,31:48.140,31:49.400,还是永续的飞标
SPEAKER_01,31:49.400,31:51.900,然后到时候需要走一个什么程序
SPEAKER_01,31:51.900,31:53.840,我们这边其实不太清楚
SPEAKER_01,31:54.040,31:55.400,所以就想问一下说
SPEAKER_01,31:55.400,31:57.240,如果到时候走到这一步的话
SPEAKER_01,31:57.240,31:59.800,就是中国电力内部需要走什么流程
SPEAKER_01,31:59.800,32:01.340,这边能不能介绍一下
SPEAKER_00,32:02.400,32:04.440,嗯这这边我那个补充一下
SPEAKER_00,32:04.440,32:06.340,然后让那个沈总再回复一下吧
SPEAKER_00,32:06.340,32:07.700,因为这个我们当时
SPEAKER_00,32:07.760,32:08.760,刚才沈总也提到了
SPEAKER_00,32:08.760,32:10.240,当时谈这个交易结构的时候
SPEAKER_00,32:10.240,32:12.400,中电这边相关的这个领导
SPEAKER_00,32:12.400,32:13.860,他现在已经调到集团了
SPEAKER_00,32:13.860,32:16.660,那沈总这个他接过来这个项目之后
SPEAKER_00,32:16.660,32:17.780,其实这个项目的结构
SPEAKER_00,32:17.780,32:19.580,其实基本上已经确定了
SPEAKER_00,32:19.580,32:22.020,可能他对这个背景不是特别的熟悉
SPEAKER_00,32:22.320,32:23.880,就是我们的这个结构是这样
SPEAKER_00,32:23.880,32:24.520,就是说
SPEAKER_00,32:24.820,32:26.980,中国电力包括国电头集团
SPEAKER_00,32:26.980,32:29.180,他目前通过审批的就是
SPEAKER_00,32:29.480,32:31.520,转永续债是中国电力的义务
SPEAKER_00,32:31.520,32:32.820,他必须转这个事
SPEAKER_00,32:32.820,32:34.020,这是已经确定的
SPEAKER_00,32:34.380,32:36.160,包括说如果说他不转永续债
SPEAKER_00,32:36.160,32:38.320,要承担像什么样的违约责任
SPEAKER_00,32:38.320,32:40.580,这个也是通过了这个相应的决策的
SPEAKER_00,32:40.860,32:41.720,但是但是
SPEAKER_00,32:41.980,32:43.980,比如说他具体是一个什么样的载体
SPEAKER_00,32:43.980,32:45.720,比如说我是要一个公务永续债
SPEAKER_00,32:45.720,32:46.520,私募永续债
SPEAKER_00,32:46.520,32:49.840,还是说是转成一个永续信托永续保债
SPEAKER_00,32:49.980,32:52.680,这个确实是没有约定清楚
SPEAKER_00,32:52.740,32:54.080,没有约定清楚的原因
SPEAKER_00,32:54.080,32:56.080,我们也是想着说把这个决策权
SPEAKER_00,32:56.080,32:57.780,最终留在我们基金手里
SPEAKER_00,32:58.040,33:02.080,就是对因为我们这个转永续的条款
SPEAKER_00,33:02.220,33:03.120,包括说我转永续
SPEAKER_00,33:03.120,33:05.180,下我转成什么样的形式
SPEAKER_00,33:05.180,33:07.520,这个决策权其实都是在我基金的
SPEAKER_00,33:07.720,33:10.620,然后对中电来说它就是一个义务的履行
SPEAKER_00,33:10.780,33:11.940,所以说我们是想着说
SPEAKER_00,33:11.940,33:13.880,不要在合同里边把自己框死了
SPEAKER_00,33:13.880,33:16.980,万一假设比如说我写成转成永续信托
SPEAKER_00,33:17.080,33:20.080,那届时可能因为一些不确定的因素
SPEAKER_00,33:20.080,33:22.480,可能没有永续信托这个产品了
SPEAKER_00,33:22.580,33:25.280,那我们可能这个合同义务就履行不了了
SPEAKER_00,33:25.580,33:28.320,所以说我们就是说基于这么的一个考虑
SPEAKER_00,33:28.320,33:32.820,所以说没有把具体的形式给框死
SPEAKER_00,33:32.980,33:34.520,如果说后续转永续
SPEAKER_00,33:34.520,33:35.980,中电这边它需要走的流程
SPEAKER_00,33:35.980,33:40.040,就是说它根据我们的基金的决策
SPEAKER_00,33:40.040,33:44.040,根据基金的通知去履行它内部的一个流程
SPEAKER_00,33:44.040,33:46.400,就比如说我确定我要说转成永续信托
SPEAKER_00,33:46.500,33:48.700,然后中电它得履行
SPEAKER_00,33:48.700,33:50.400,它选拼一个信托公司
SPEAKER_00,33:50.540,33:53.740,然后以及就是说签署永续信托的合同
SPEAKER_00,33:53.740,33:56.140,这个是需要走一个内部的流程的
SPEAKER_00,33:56.300,33:59.660,但是就转永续这个事情是中国电力的义务
SPEAKER_00,33:59.660,34:02.860,它不履行这个义务要承担相应的违约责任
SPEAKER_00,34:02.900,34:05.860,这个是已经完成了相应的决策程序了
SPEAKER_00,34:06.060,34:08.340,后续就是一个实操上面的一个流程
SPEAKER_01,34:11.040,34:12.900,我明白
SPEAKER_01,34:12.900,34:14.740,但是就是从我们的角度来看
SPEAKER_01,34:14.740,34:18.140,可能因为这个没有约定清楚到时候就是
SPEAKER_01,34:18.860,34:21.000,您这边说的是由基金来决策
SPEAKER_01,34:21.000,34:23.840,但是有可能到时候就还是需要跟中电去商量
SPEAKER_01,34:23.840,34:25.300,到底采取一个什么方式
SPEAKER_01,34:25.300,34:27.860,就是之前我看的时候是这样
SPEAKER_02,34:28.100,34:29.600,这个我补充两点
SPEAKER_02,34:29.600,34:34.300,实际上我们为什么做这个权益投资
SPEAKER_02,34:34.300,34:35.800,刚才贝丁也说了
SPEAKER_02,34:35.820,34:38.460,但是目前应该说也是以
SPEAKER_02,34:38.800,34:41.660,这个时间来换发展的一个空间
SPEAKER_02,34:41.660,34:46.920,我们预计也是两三年之后应该是首选
SPEAKER_02,34:46.920,34:50.520,还是按照回购的方案来做的
SPEAKER_02,34:50.900,34:53.700,如果说是不得已的情况下
SPEAKER_02,34:53.900,34:56.220,转永续也好或者其他方式也好
SPEAKER_02,34:56.360,34:58.100,实际上另外一条
SPEAKER_02,34:58.100,35:00.960,就是我们肯定是到时候会提前半年
SPEAKER_02,35:00.960,35:02.560,或者甚至半年更多一点
SPEAKER_02,35:02.560,35:05.100,我们会提前的策划这一块
SPEAKER_02,35:05.100,35:09.260,或者准备这一块到底具体是怎么一个做法
SPEAKER_02,35:09.260,35:12.800,但目前来整体的来看的话
SPEAKER_02,35:12.800,35:14.660,我觉得首先可能
SPEAKER_02,35:16.860,35:19.620,可能性比较大的还是回购的这种方式
SPEAKER_02,35:19.660,35:22.800,因为我也不可能把优质资产就永远的
SPEAKER_02,35:23.120,35:24.100,这么放着
SPEAKER_02,35:24.100,35:26.220,就是通过冰表基金这么来做
SPEAKER_02,35:26.520,35:28.720,而且我付出的代价也会比较高
SPEAKER_02,35:28.900,35:32.160,只要我这个负债率能降下来了
SPEAKER_01,35:36.100,35:37.720,好的谢谢沈总
SPEAKER_04,35:43.100,35:44.420,沈总不好意思
SPEAKER_04,35:44.420,35:48.100,我这边又想再补充两个问题
SPEAKER_02,35:49.220,35:50.260,你说
SPEAKER_04,35:50.860,35:52.620,一个是从长期来看
SPEAKER_04,35:52.620,35:54.960,因为咱们现在的电力结构里面
SPEAKER_04,35:55.220,35:57.860,火电还是占一半以上
SPEAKER_04,35:58.060,36:02.360,但是这两年确实光伏还有风电都上的比较快
SPEAKER_04,36:02.520,36:05.080,所以就是公司内部有没有一个
SPEAKER_04,36:05.080,36:07.880,长期的一个电力结构的一个目标
SPEAKER_02,36:09.420,36:10.420,它有
SPEAKER_02,36:10.620,36:12.120,但具体这个数
SPEAKER_02,36:12.120,36:15.660,你到时候你如果需要精准的一个数据的话
SPEAKER_02,36:15.880,36:17.820,你把这个问题写下来
SPEAKER_02,36:17.820,36:21.180,然后我们到时候再准确的回复你
SPEAKER_02,36:21.180,36:22.260,大致的一个趋势
SPEAKER_02,36:22.420,36:25.260,目前应该是中国电力可能是60%几的
SPEAKER_02,36:25.260,36:26.880,一个新能源的一个结构
SPEAKER_02,36:27.460,36:29.460,然后后续还要增加
SPEAKER_02,36:29.460,36:31.360,因为这个也是响应一个
SPEAKER_02,36:31.620,36:33.520,国家的一个
SPEAKER_02,36:33.980,36:38.860,这个政策上的一个导向吧
SPEAKER_02,36:38.860,36:42.780,就按照3060的要求
SPEAKER_02,36:42.780,36:45.620,因为最终的一个趋势肯定是
SPEAKER_02,36:45.960,36:50.020,还是新能源占比要提高的
SPEAKER_02,36:50.380,36:51.880,那么我们火箭这一块
SPEAKER_02,36:51.880,36:54.060,实际上目前在做的是两件事
SPEAKER_02,36:54.060,36:57.160,就是既做加法又做减法
SPEAKER_02,36:57.420,36:59.780,那加法就是我们还在开拓一些
SPEAKER_02,36:59.780,37:01.260,新能源的一些项目
SPEAKER_02,37:01.520,37:03.320,减法就是我们
SPEAKER_02,37:03.320,37:05.780,包括去年今年可能持续要做的
SPEAKER_02,37:05.780,37:08.560,就是火电这一块要做一些出表
SPEAKER_02,37:08.560,37:10.060,实际上它那个出表呢
SPEAKER_02,37:10.380,37:12.680,也不是完全就是就出去了
SPEAKER_02,37:12.680,37:14.360,我们股份一点都不占了
SPEAKER_02,37:14.560,37:15.680,因为目前来看呢
SPEAKER_02,37:15.680,37:18.320,这个特别是前两年不是缺电
SPEAKER_02,37:18.320,37:19.780,还是比较严重的吗
SPEAKER_02,37:19.980,37:21.020,所以呢这个
SPEAKER_02,37:21.420,37:22.960,火电这一块呢
SPEAKER_02,37:22.960,37:24.560,实际上还是起了压窗
SPEAKER_02,37:24.660,37:26.080,压窗时的这个作用的
SPEAKER_02,37:26.080,37:27.780,或者中流抵多的这个作用的
SPEAKER_02,37:27.800,37:30.440,至少就是全国来说的话
SPEAKER_02,37:30.440,37:33.500,50%这个发电量还是靠火电的
SPEAKER_02,37:33.500,37:34.280,而且火电
SPEAKER_02,37:34.280,37:36.700,它是一个比较稳定的一个电源
SPEAKER_02,37:36.900,37:39.140,是主动化它往上是发不了电的
SPEAKER_02,37:39.140,37:41.980,而且你储能的话现在也没有匹配上嘛
SPEAKER_02,37:42.100,37:43.100,对所以呢
SPEAKER_02,37:44.040,37:46.100,所以呢我们现在在做的呢
SPEAKER_02,37:46.100,37:47.100,是一个出表呢
SPEAKER_02,37:47.100,37:48.540,是一个跟中煤
SPEAKER_02,37:48.540,37:51.080,或者跟其他的煤炭企业的一个
SPEAKER_02,37:51.080,37:52.480,煤电的联营
SPEAKER_02,37:53.100,37:55.740,就是煤电联营呢就相当于是
SPEAKER_02,37:56.360,37:57.700,呃跟嗯
SPEAKER_02,37:58.000,38:00.800,就通过股权结构的一些调整吧
SPEAKER_02,38:00.860,38:03.600,然后这样呢确保这个火电的
SPEAKER_02,38:04.000,38:06.760,呃这个煤炭的价格能够控制住
SPEAKER_02,38:06.760,38:08.740,然后火电企业的利润呢
SPEAKER_02,38:09.040,38:11.160,呃也能有一个稳定的一个
SPEAKER_02,38:11.160,38:12.760,利润的一个来源吧
speaker_无,38:13.000,38:13.400,嗯
SPEAKER_04,38:14.140,38:16.100,嗯呃那就相当
SPEAKER_04,38:16.700,38:19.160,呃所以就相当于您说的
SPEAKER_04,38:19.400,38:22.460,60%以上的新能源占比这个是呃
SPEAKER_04,38:22.460,38:23.060,或者更高
SPEAKER_04,38:23.060,38:24.860,这是一个咱们的一个发展目标
SPEAKER_04,38:25.420,38:28.180,呃那这个60%是
SPEAKER_04,38:28.560,38:32.880,呃一个表内的表内的这个表内的对对
SPEAKER_04,38:33.080,38:36.360,行就相当于并表并表的这些啊
SPEAKER_04,38:36.360,38:38.120,而不是全一不是全一的
SPEAKER_04,38:38.120,38:39.380,也不是全口径的
SPEAKER_02,38:40.860,38:43.720,呃对对对这是表内的这一块的
SPEAKER_04,38:43.920,38:44.620,好好
SPEAKER_02,38:45.460,38:46.260,对嗯
SPEAKER_00,38:47.480,38:48.820,这块我补充一下吧
SPEAKER_00,38:48.820,38:50.060,就是刚才那个
SPEAKER_00,38:50.160,38:51.420,我就是说中国电力
SPEAKER_00,38:51.420,38:53.560,它是2021年10月份的时候
SPEAKER_00,38:53.720,38:55.820,这个发布了这个新的发展战略
SPEAKER_00,38:55.820,38:57.120,然后关于这个战略里边
SPEAKER_00,38:57.120,38:59.480,它对于就不同的阶段
SPEAKER_00,38:59.480,39:01.460,提升这个清洁能源的占比
SPEAKER_00,39:01.460,39:02.880,也是有一个目标的
SPEAKER_00,39:02.960,39:04.960,然后我把这个文件也转给您这边
SPEAKER_00,39:04.960,39:06.920,然后您也作为一个参考啊
SPEAKER_00,39:06.920,39:09.560,好来这里边写的是到21年底
SPEAKER_00,39:09.560,39:12.620,清洁能源装机是接近60%
SPEAKER_00,39:12.620,39:15.060,23年的话装机是70%
SPEAKER_00,39:15.260,39:16.320,到了25年的话
SPEAKER_00,39:16.320,39:19.120,就装清洁能源装机要超过90%
SPEAKER_00,39:19.380,39:20.760,就是它有一个这样的一个
SPEAKER_00,39:20.980,39:22.760,呃战略发展的一个定位吧
SPEAKER_00,39:22.880,39:25.560,然后他也是在这个港交所发布了相关的公告
SPEAKER_00,39:25.560,39:27.160,我刚转给您这边
SPEAKER_00,39:27.160,39:28.560,您也作为一个参考吧
SPEAKER_02,39:29.080,39:32.960,对现在基本上是按照这个目标在推进吧
SPEAKER_04,39:33.820,39:34.620,哦好的
SPEAKER_04,39:34.620,39:36.460,然后再就是刚才提到那个
SPEAKER_04,39:36.760,39:39.080,新能源这块投资计划
SPEAKER_04,39:39.160,39:42.480,后续是不是也是可以通过这种
SPEAKER_04,39:42.660,39:45.120,文字资料的形式反馈给我们
SPEAKER_02,39:46.460,39:50.060,嗯你讲的整体的我们的投资计划吗
SPEAKER_04,39:50.180,39:51.980,对就包括咱们
SPEAKER_04,39:52.500,39:56.480,封店后面的这个拟件项目
SPEAKER_04,39:56.480,39:59.480,总装机有500多万千瓦
SPEAKER_04,39:59.700,40:03.400,这块总投可能会超过千亿
SPEAKER_04,40:03.500,40:05.980,因为咱们现在总个整个的
SPEAKER_04,40:06.380,40:08.340,报表也就是2000亿的
SPEAKER_04,40:08.340,40:10.040,这样一个资产的规模
SPEAKER_04,40:10.040,40:12.040,所以这块金额比较大
SPEAKER_04,40:12.040,40:13.180,我想大概看一下
SPEAKER_02,40:13.180,40:15.240,他现在是这样子
SPEAKER_02,40:15.240,40:17.780,就是实际上投资计划这一块
SPEAKER_02,40:17.780,40:19.380,新能源这一块
SPEAKER_02,40:19.700,40:22.000,我们现在还有一个平台
SPEAKER_02,40:22.000,40:23.800,就是我们有一个中电农创
SPEAKER_02,40:23.800,40:25.280,是一个参股的一个平台
SPEAKER_02,40:25.280,40:27.340,实际上集团公司整体就是
SPEAKER_02,40:27.400,40:28.780,在中国电力这个层面呢
SPEAKER_02,40:28.780,40:30.340,我们现在搭的一个是
SPEAKER_02,40:30.980,40:32.580,以前叫轻子弹平台
SPEAKER_02,40:32.580,40:34.780,现在叫龙头业务的平台
SPEAKER_02,40:34.780,40:36.800,实际上就是我们不控股
SPEAKER_02,40:37.140,40:40.180,但实质的管理呢是我们在管理
SPEAKER_02,40:40.500,40:41.940,然后那个平台呢
SPEAKER_02,40:42.240,40:44.940,呃我们也是跟一些资金方在合作
SPEAKER_02,40:44.940,40:47.940,然后在在就是嗯在
SPEAKER_02,40:48.560,40:50.440,开发一些项目新能源项目
SPEAKER_02,40:50.440,40:53.540,应该那个平台现在可能规模也挺大的
SPEAKER_02,40:53.540,40:55.940,但是也有好几百万的一个
SPEAKER_02,40:55.940,40:57.700,新能源的一个项目吧
SPEAKER_02,40:58.000,40:59.840,然后那些那些项目呢
SPEAKER_02,40:59.840,41:02.000,主要是就是他是一个
SPEAKER_02,41:02.000,41:03.400,实际上那个轻子弹平台
SPEAKER_02,41:03.400,41:05.460,也是一个代持的一个平台
SPEAKER_02,41:06.100,41:08.100,就相当于把这些新能源项目
SPEAKER_02,41:08.100,41:09.400,培育好了之后呢
SPEAKER_02,41:09.400,41:11.600,我也是逐步逐步要回表的
SPEAKER_02,41:11.960,41:13.700,也是实际上也是
SPEAKER_02,41:14.260,41:18.120,这个先去换取这个发展的一个空间吧
SPEAKER_02,41:18.400,41:20.060,因为您也讲到了投资计划
SPEAKER_02,41:20.060,41:22.460,可能按照我整个新能源发展规模
SPEAKER_02,41:22.460,41:23.800,那我可能要1000个亿
SPEAKER_02,41:23.800,41:24.700,但实际上
SPEAKER_02,41:24.860,41:27.020,可能整体集团公司给我下的
SPEAKER_02,41:27.020,41:28.520,也就是300个亿左右
SPEAKER_02,41:28.900,41:30.720,那我这一块我怎么去解决
SPEAKER_02,41:30.720,41:33.300,我既要发展又要考虑投资计划
SPEAKER_02,41:33.620,41:34.660,呃的问题
SPEAKER_02,41:34.960,41:36.260,我们现在是嗯
SPEAKER_02,41:36.260,41:38.200,实际上基本上我们整个集团公司
SPEAKER_02,41:38.200,41:39.360,都在这么做吧
SPEAKER_02,41:39.620,41:40.860,就各个二级单位
SPEAKER_02,41:41.060,41:43.660,嗯就是利用这个亲自喊的平台
SPEAKER_02,41:43.920,41:45.620,然后再培育一些项目
SPEAKER_02,41:45.780,41:47.380,然后那些项目呢
SPEAKER_02,41:47.660,41:50.460,呃逐步逐步就是让他回表
SPEAKER_04,41:51.520,41:52.520,嗯明白
SPEAKER_04,41:52.580,41:54.580,其实这就是一个您刚才反复提到的
SPEAKER_04,41:54.580,41:57.080,那个时间换空换空间
SPEAKER_04,41:57.080,41:59.380,就是用长期的这个成长
SPEAKER_04,41:59.380,42:01.460,然后逐渐有资金以后回表
SPEAKER_04,42:01.460,42:03.920,然后来来控制比咱们表内的
SPEAKER_04,42:03.920,42:05.020,这个资产负债率吗
SPEAKER_04,42:05.020,42:06.020,是这样一个考虑
SPEAKER_02,42:06.180,42:07.620,对对啊
SPEAKER_02,42:07.920,42:10.720,那那这个不能失去这个发展的机会
SPEAKER_04,42:10.780,42:13.140,嗯啊那您说的这个亲自喊平台
SPEAKER_04,42:13.140,42:14.520,他投资这些项目
SPEAKER_04,42:14.840,42:16.580,他的这种决策机制
SPEAKER_04,42:16.920,42:19.320,和这个收益率的考核要求什么的
SPEAKER_04,42:19.680,42:21.840,和您刚才前面提到的这个
SPEAKER_04,42:22.140,42:24.540,啊包括几次上会啊
SPEAKER_04,42:24.540,42:27.940,然后这个10%的这种收益率的要求
SPEAKER_04,42:27.940,42:29.480,他是保持一致吗
SPEAKER_04,42:29.620,42:30.620,还说会更多
SPEAKER_02,42:31.320,42:33.440,他的收益率要求是一致的
SPEAKER_02,42:33.440,42:35.420,甚至甚至是更紧一点
SPEAKER_02,42:35.720,42:37.640,这要求会更更高一点
SPEAKER_02,42:37.640,42:39.880,包括合规性的要求是一致的
SPEAKER_02,42:40.000,42:41.100,但他的把控呢
SPEAKER_02,42:41.100,42:43.040,他因为毕竟新自然平台嘛
SPEAKER_02,42:43.040,42:45.680,他不会说是上中国电力的
SPEAKER_02,42:45.680,42:47.080,并表范围内的这些
SPEAKER_02,42:47.080,42:49.240,那如果说是这么上会的话
SPEAKER_02,42:49.440,42:50.880,他就就会引起
SPEAKER_02,42:50.880,42:53.800,你到底是并表控制的还是不控制的
SPEAKER_02,42:54.080,42:56.580,就就到底并表还不并表的问题
SPEAKER_02,42:56.600,42:58.340,就是账务处理上面会有
SPEAKER_02,42:58.580,43:00.800,会计准则的认定上面会有问题
SPEAKER_02,43:01.580,43:02.240,所以呢
SPEAKER_02,43:02.600,43:05.080,但是呢我们这个就是我刚才也讲到了
SPEAKER_02,43:05.080,43:07.680,这个亲自然平台的实际上管理
SPEAKER_02,43:07.680,43:09.440,都是我们的人在管理
SPEAKER_02,43:09.440,43:12.440,包括我们这个亲自产平台的这个
SPEAKER_02,43:12.560,43:14.960,呃董事长吧还是我们这个
SPEAKER_02,43:15.300,43:17.000,呃中国电力的总裁
SPEAKER_02,43:17.400,43:18.760,所以呢他们自己
SPEAKER_02,43:18.800,43:20.760,就是我们也派了一部分人去
SPEAKER_02,43:20.760,43:24.000,然后对这些项目进行一个严格的一个把关
SPEAKER_02,43:24.000,43:26.440,然后他内部有决策机制
SPEAKER_04,43:27.400,43:29.960,哦那这个亲自产平台现在
SPEAKER_04,43:30.400,43:32.200,呃他是属于国电头的
SPEAKER_04,43:32.200,43:34.400,还是说属于中国电力的
SPEAKER_02,43:34.460,43:35.760,他是中国电力
SPEAKER_02,43:35.880,43:40.560,他是中国电力跟北京市的一个国企合作的
SPEAKER_02,43:41.160,43:43.120,地方国企合作的
SPEAKER_02,43:43.560,43:45.560,然后应该是大家呃
SPEAKER_02,43:45.720,43:47.560,都不并表这种状态吧
SPEAKER_04,43:48.360,43:50.820,哦那他现在总的这种
SPEAKER_04,43:51.320,43:53.980,呃装机规模大概有多少
SPEAKER_04,43:53.980,43:55.760,然后他的管理的
SPEAKER_04,43:55.920,43:57.020,因为他是亲自产平台
SPEAKER_04,43:57.020,43:58.760,我理解他是应该有一个
SPEAKER_04,43:59.160,44:01.320,类似于基金公司一个总的资产管理
SPEAKER_04,44:01.320,44:03.060,规模的这样一个一个概念
SPEAKER_04,44:03.180,44:07.060,他的总的这种管理的装机规模和
SPEAKER_04,44:07.580,44:08.620,这个资产
SPEAKER_02,44:09.460,44:10.860,装机装机这一块
SPEAKER_02,44:10.860,44:12.660,我再跟他们要确认一下
SPEAKER_02,44:12.660,44:14.380,你反正你需要了解的话
SPEAKER_02,44:14.380,44:16.220,你也可以把这个作为一个问题吧
SPEAKER_02,44:16.220,44:17.460,就是我们大概是
SPEAKER_02,44:17.860,44:20.120,大数我记得是300多万吧现在
SPEAKER_04,44:20.420,44:21.860,哦300多万嗯
SPEAKER_04,44:21.980,44:22.380,嗯
SPEAKER_04,44:24.120,44:26.560,呃那那总的资产管理规模呢
SPEAKER_04,44:26.880,44:28.760,大概能有五六百亿
SPEAKER_04,44:29.480,44:30.480,如果按照这个
SPEAKER_02,44:30.500,44:32.000,他300多万嘛
SPEAKER_02,44:32.000,44:34.200,一般就是光伏的话
SPEAKER_02,44:34.200,44:36.740,差不多也就四五块钱吧
SPEAKER_02,44:36.880,44:37.980,以那个
SPEAKER_02,44:38.800,44:39.200,呃
SPEAKER_04,44:39.840,44:40.640,每瓦吗
SPEAKER_02,44:41.180,44:41.900,对对
SPEAKER_04,44:43.000,44:43.480,哦
SPEAKER_04,44:44.040,44:45.000,300多万
SPEAKER_04,44:46.240,44:46.600,嗯
SPEAKER_04,44:47.340,44:48.500,哦好的好的
SPEAKER_04,44:49.000,44:49.400,嗯
SPEAKER_02,44:53.340,44:55.640,啊他这个你你
SPEAKER_02,44:55.700,44:57.480,可以把这个作为一个问题吧
SPEAKER_02,44:57.480,45:00.140,我们到时候到时候也把具体的像
SPEAKER_02,45:00.240,45:02.560,大大致的一个数据跟他们要一下
SPEAKER_02,45:02.560,45:02.960,嗯
SPEAKER_04,45:05.760,45:06.960,好的行谢谢沈总
SPEAKER_04,45:07.460,45:07.860,嗯
SPEAKER_04,45:09.060,45:10.100,这暂时
SPEAKER_04,45:11.360,45:12.800,但是就这些问题了
speaker_无,45:14.640,45:15.140,好的
SPEAKER_01,45:16.560,45:17.200,沈总您好
SPEAKER_01,45:17.200,45:18.460,我这还有两个问题
SPEAKER_01,45:18.460,45:21.140,一个就是刚才问的那个底层项目
SPEAKER_01,45:21.260,45:23.140,就是我看那个呃
SPEAKER_01,45:23.500,45:24.460,现在的文件
SPEAKER_01,45:24.640,45:27.340,在里面说有可能未来的底层项目会换
SPEAKER_01,45:27.360,45:30.400,就是说实际上从这个中电这边看的话
SPEAKER_01,45:30.600,45:33.160,这些项目是不是已经就是对应
SPEAKER_01,45:33.360,45:36.400,确定了未来更换的可能性大吗
SPEAKER_02,45:37.860,45:38.260,嗯
SPEAKER_02,45:38.800,45:42.340,目前来说我们也不太可能更换了
SPEAKER_02,45:42.340,45:44.900,因为这一块我们前面刚才也说过了
SPEAKER_02,45:44.900,45:46.900,我们很多程序都走过了
SPEAKER_02,45:46.900,45:48.400,包括我自然评估啊
SPEAKER_02,45:48.800,45:51.600,就是报集团的相关的一些资料啊都已经
SPEAKER_02,45:52.260,45:53.700,呃旅行完了
SPEAKER_02,45:53.900,45:55.740,嗯这个如果换的话也
SPEAKER_02,45:55.860,45:57.060,说实话也挺费劲的
SPEAKER_02,45:57.080,45:58.780,而且这些项目也是我们
SPEAKER_02,45:59.020,46:03.220,在现有的项目里面就是按照这个当时的一些
SPEAKER_02,46:03.720,46:04.560,嗯约定吧
SPEAKER_02,46:04.560,46:05.960,然后挑选出来的
SPEAKER_02,46:05.960,46:06.960,包括合规金啊
SPEAKER_02,46:06.960,46:08.520,包括收益力量方面
SPEAKER_02,46:09.120,46:11.560,所以目前看不太可能去换了
SPEAKER_02,46:11.560,46:13.280,基本上就是这些项目了
SPEAKER_00,46:14.620,46:16.960,好的这个这个问题我补充一下吧
SPEAKER_00,46:16.980,46:17.960,啊不好意思
SPEAKER_00,46:17.960,46:20.080,我补充一下就是说关于我们这个
SPEAKER_00,46:20.280,46:22.480,交易文件里边写的底层项目要换
SPEAKER_00,46:22.780,46:25.180,这个主要还是针对的是当时我们
SPEAKER_00,46:25.240,46:28.140,在这个中宝登报资产知识计划的这个阶段
SPEAKER_00,46:28.300,46:29.900,因为当当时的时候那个
SPEAKER_00,46:29.980,46:32.100,底层项目可能没有现在这么明确
SPEAKER_00,46:32.300,46:34.240,然后呢但是这个又为了满足我们
SPEAKER_00,46:34.240,46:36.080,报资产知识计划的这个相关要求
SPEAKER_00,46:36.080,46:38.000,所以说我们当时是做了一个项目池
SPEAKER_00,46:38.500,46:40.000,有22个项目公司
SPEAKER_00,46:40.000,46:42.740,但是这22个项目公司呢也没有经过
SPEAKER_00,46:42.740,46:44.540,因为我们前期有一个投资人嘛
SPEAKER_00,46:44.640,46:46.900,也没有经过前期投资人那边的一个
SPEAKER_00,46:47.840,46:49.440,审核决策啊
SPEAKER_00,46:49.540,46:51.840,然后那个所以说我们就当时是以这么一个
SPEAKER_00,46:51.840,46:54.700,项目池去做的这个产品的申报
SPEAKER_00,46:54.720,46:57.260,然后也是为了就是说留了一个口子
SPEAKER_00,46:57.260,46:59.860,就是说我们以后的项目会进行相应的更换
SPEAKER_00,47:00.100,47:02.700,然后也当你也可以看到就我们这22个项目
SPEAKER_00,47:02.700,47:04.220,公司也发生了一些比较大的变动
SPEAKER_00,47:04.220,47:05.660,就因为我们的一期投资人
SPEAKER_00,47:05.860,47:07.340,他自己在这个看完之后
SPEAKER_00,47:07.340,47:10.160,他其实也提出了一些他的他的要求啊
SPEAKER_00,47:10.160,47:12.300,所以说我们这个项目可能就会有一些变动
SPEAKER_00,47:12.360,47:15.260,但目前为止的话其实我们现有的这
SPEAKER_00,47:15.660,47:17.420,9个项目就第二期是9个项目嘛
SPEAKER_00,47:17.420,47:19.660,第一期已经投放了4个项目公司了
SPEAKER_00,47:19.700,47:21.960,这9个项目呢就是中电这边也是完成了
SPEAKER_00,47:21.960,47:23.360,这个相应的决策流程
SPEAKER_00,47:23.520,47:25.680,然后基金包括资产支持计划这一端呢
SPEAKER_00,47:25.680,47:27.620,也是走完了这个相应的这个
SPEAKER_00,47:27.720,47:29.560,进制调查也做了这个法律禁掉
SPEAKER_00,47:29.560,47:32.820,所以说这个项目就基本上是不会更换了
SPEAKER_00,47:33.480,47:34.720,我解释一下这个背景
SPEAKER_01,47:35.760,47:36.960,好的好的谢谢
SPEAKER_01,47:37.320,47:38.160,然后
SPEAKER_04,47:38.800,47:40.360,呃元元你先说吧
SPEAKER_01,47:40.520,47:42.360,那您先说吧我是新的问题吗
SPEAKER_04,47:42.880,47:46.680,没有我其实是想在针对刚才说这个项目
SPEAKER_04,47:46.680,47:48.160,想再多问一句
SPEAKER_04,47:48.160,47:50.960,就是因为当时那个退出机制里面
SPEAKER_04,47:50.960,47:51.920,其实是有一点
SPEAKER_04,47:51.920,47:55.080,就是说如果公司就就中国电力这边
SPEAKER_04,47:55.520,47:58.520,呃在三年后或者五年后不回购的话
SPEAKER_04,47:58.920,48:02.240,呃那就不回购这80%的这个
SPEAKER_04,48:02.640,48:04.000,基金份额的话
SPEAKER_04,48:04.120,48:09.040,那呃基金是有权把这个spv公司80%的股权
SPEAKER_04,48:09.040,48:10.160,转让给第三方
SPEAKER_04,48:11.920,48:15.280,呃是的是的呃大概是这样一个一个设计
SPEAKER_04,48:15.280,48:17.040,那我的疑问就在于说
SPEAKER_04,48:17.520,48:20.000,呃转给第三方之后
SPEAKER_04,48:20.080,48:23.360,这种转给第三方这种行为对中国电力
SPEAKER_04,48:23.680,48:28.400,来讲有什么损失或者是这个有什么伤害吗
SPEAKER_04,48:28.720,48:32.240,因为这些公司它的这个这个spv的公司的
SPEAKER_04,48:32.240,48:34.000,这个董事会里面
SPEAKER_04,48:34.120,48:37.520,有有有两个人还是由中国电力来
SPEAKER_04,48:37.880,48:38.360,委派
SPEAKER_04,48:38.360,48:41.160,所以其实不管这80%转给谁
SPEAKER_04,48:41.400,48:43.280,这些项目公司
SPEAKER_04,48:43.400,48:45.000,它其实都是属于
SPEAKER_04,48:45.360,48:46.160,这个
SPEAKER_04,48:46.680,48:49.040,呃中国电力来实际控制的
SPEAKER_00,48:49.440,48:50.360,嗯我明白
SPEAKER_00,48:50.520,48:52.840,就是说我们的这个就是说因为
SPEAKER_00,48:52.920,48:54.120,刚才沈总也提到了
SPEAKER_00,48:54.120,48:56.000,就是整个交易结构设计
SPEAKER_00,48:56.000,48:57.520,从中电的出发点来说
SPEAKER_00,48:57.520,48:59.160,首先它这些项目它叫并表
SPEAKER_00,48:59.160,49:00.600,第二个它的集成权益
SPEAKER_00,49:00.720,49:02.840,啊所以说呢我们spv公司层面呢
SPEAKER_00,49:02.840,49:05.240,也是通过一些这种公司治理结构的设计
SPEAKER_00,49:05.240,49:08.360,来满足安永认定的这个可以并表的标准
SPEAKER_00,49:08.680,49:09.520,虽然我们
SPEAKER_00,49:09.760,49:11.480,呃对整个交易结构的判断
SPEAKER_00,49:11.480,49:14.440,我们认为来说可能我们的这个主要的一个
SPEAKER_00,49:14.480,49:16.440,分控手段或者主要的退出方式
SPEAKER_00,49:16.440,49:18.400,还是说中国电力行使回购
SPEAKER_00,49:18.520,49:20.480,如果说它不行使回购的话
SPEAKER_00,49:20.480,49:23.320,那我们还是选择去采取这个转永续的这个方式
SPEAKER_00,49:23.480,49:26.280,至于说我把这个80%的股权卖掉
SPEAKER_00,49:26.280,49:28.880,它其实也可以是做一种退出方式吧
SPEAKER_00,49:28.880,49:30.880,但是确实会存在您说的
SPEAKER_00,49:30.880,49:32.440,可能这个因为整个spv公司
SPEAKER_00,49:32.440,49:34.480,就中国电力并表跟实际控制的嘛
SPEAKER_00,49:34.680,49:34.960,对
SPEAKER_00,49:34.960,49:37.040,然后那个包括我们当时也跟他安永提了
SPEAKER_00,49:37.040,49:39.560,比如说要求他随售啊改组董事会啊
SPEAKER_00,49:39.640,49:41.520,包括这个表决权的这个反转啊
SPEAKER_00,49:41.520,49:42.560,这些条款我们都提了
SPEAKER_00,49:42.560,49:43.840,安永一律都不同意
SPEAKER_00,49:44.040,49:47.680,所以说但是我但是我们也是说鉴于这个
SPEAKER_00,49:47.840,49:50.120,因为我毕竟持有我这80%的股权嘛
SPEAKER_00,49:50.120,49:51.560,也想要一定的分红权利嘛
SPEAKER_00,49:51.560,49:54.040,所以说也是把它作为一个退出条款写上去了
SPEAKER_00,49:54.160,49:57.320,那它也并不是我们最优先级的一个退出方式
SPEAKER_04,49:57.320,49:58.200,明白
SPEAKER_04,49:58.200,50:03.240,那然后这选择出让这80%的份额
SPEAKER_04,50:03.240,50:07.400,还是转成这个转成永续债
SPEAKER_04,50:07.400,50:09.880,这个选择是谁来做
SPEAKER_00,50:10.280,50:11.680,这个选择是基金来做
SPEAKER_00,50:11.680,50:13.240,基金就召开合伙人会议
SPEAKER_00,50:13.240,50:14.200,然后合伙人
SPEAKER_00,50:14.200,50:16.440,因为我们的合伙人只有资产知识计划嘛
SPEAKER_00,50:16.560,50:18.640,资产知识计划才召开数亿人大会
SPEAKER_02,50:18.640,50:20.120,这个我想问一下
SPEAKER_02,50:20.120,50:22.720,是不是在我不回购的情况下 是吗
SPEAKER_00,50:23.360,50:25.280,对 是的 是的
SPEAKER_02,50:25.880,50:28.400,所以这一块我觉得
SPEAKER_02,50:28.400,50:29.680,当然你们有这个担心
SPEAKER_02,50:29.680,50:31.520,他就让条款里面这么写了
SPEAKER_02,50:31.520,50:33.000,刚才乔经理也说了
SPEAKER_02,50:33.000,50:34.840,他为什么这么写的一个背景
SPEAKER_02,50:35.040,50:36.360,但从我的理解来说
SPEAKER_02,50:36.360,50:38.040,因为刚才也讲到了
SPEAKER_02,50:38.040,50:39.840,如果说是真的转让出去
SPEAKER_02,50:39.840,50:41.480,那么对中国电力的影响
SPEAKER_02,50:41.760,50:43.040,中国电力刚才也说了
SPEAKER_02,50:43.080,50:46.280,就是我们整体的一个计划
SPEAKER_02,50:46.280,50:48.480,就是资格新能源占比的一个
SPEAKER_02,50:48.480,50:49.960,战略的一个规划
SPEAKER_02,50:49.960,50:51.720,那我今后要达到90%
SPEAKER_02,50:51.720,50:53.160,这一块从战略规划
SPEAKER_02,50:53.160,50:54.440,也不是我们的导向
SPEAKER_02,50:54.440,50:55.600,另外一块呢
SPEAKER_02,50:55.600,50:57.080,如果说是我把
SPEAKER_02,50:57.080,50:59.400,这么大量大批量的新能源项目
SPEAKER_02,50:59.400,51:01.440,到期都转出去的话
SPEAKER_02,51:01.440,51:04.080,那实际上对我在这个港股市场的
SPEAKER_02,51:04.080,51:09.120,这个股票的这个影响
SPEAKER_02,51:09.120,51:11.360,就是资本市场的影响还是比较大的
SPEAKER_02,51:11.400,51:12.600,所以我觉得是
SPEAKER_02,51:13.400,51:15.440,从目前来看的话
SPEAKER_02,51:15.440,51:20.800,不可能去把这些项目真正的去转让掉的
SPEAKER_02,51:21.680,51:23.520,因为这些都是优质的资产
SPEAKER_04,51:24.880,51:27.240,对但是因为它确实
SPEAKER_04,51:27.240,51:32.000,我理解沈总您的刚才介绍
SPEAKER_04,51:32.000,51:33.440,我也比较相信
SPEAKER_04,51:33.440,51:36.680,但就是说因为从防范企业的
SPEAKER_04,51:36.680,51:38.360,道德风险的角度来讲
SPEAKER_04,51:38.360,51:39.840,我们会有一个这样担心
SPEAKER_04,51:39.840,51:43.000,特别像新能源这种光伏也好
SPEAKER_04,51:43.000,51:43.840,这个封建也好
SPEAKER_04,51:43.840,51:46.840,它的发电效率会随着时间的推移
SPEAKER_04,51:46.840,51:48.800,它会有一个折损
SPEAKER_04,51:48.800,51:51.560,那咱们前面这些项目里面
SPEAKER_04,51:51.560,51:54.080,我印象当中应该最早的可能也就
SPEAKER_04,51:54.080,51:56.040,可能是在16年就病亡了
SPEAKER_04,51:56.040,51:58.560,那其实从现在开始算5年之后
SPEAKER_04,51:58.560,52:00.960,那它其实已经用了十几年了
SPEAKER_04,52:00.960,52:03.160,就万一公司洗心燕救了
SPEAKER_04,52:03.160,52:05.200,所以我们会提这样一个问题
SPEAKER_02,52:05.200,52:07.000,那应该不会的
SPEAKER_02,52:07.000,52:08.280,因为它的生命周期
SPEAKER_02,52:08.280,52:10.040,至少要25年大概
speaker_无,52:10.040,52:11.760,好的
speaker_无,52:11.760,52:12.880,明白
SPEAKER_04,52:12.880,52:16.760,好那袁老师您那边先补充一下问题
SPEAKER_04,52:16.760,52:18.640,我这边好像领导还给了几个问题
SPEAKER_04,52:18.640,52:20.040,我先消化一下
speaker_无,52:20.040,52:22.000,好的
SPEAKER_01,52:22.000,52:24.200,我这边其实还有一个问题
SPEAKER_01,52:24.200,52:27.360,就是说因为上市公司中国电力
SPEAKER_01,52:27.360,52:28.000,还有国电
SPEAKER_01,52:28.000,52:30.320,其实在新能源业务方面都有开展
SPEAKER_01,52:30.320,52:34.480,包括这一类的基金的业务
SPEAKER_01,52:34.480,52:36.400,就是也是两方都在做
SPEAKER_01,52:36.400,52:37.480,我就想问一下
SPEAKER_01,52:38.280,52:39.840,中国电力和国电头
SPEAKER_01,52:39.840,52:41.560,在这个新能源业务方面
SPEAKER_01,52:41.560,52:43.000,它是怎么划分的
SPEAKER_01,52:43.000,52:45.280,这边您麻烦您介绍一下
SPEAKER_02,52:50.000,52:53.480,你说是这个新能源的一个开发吗
SPEAKER_01,52:53.480,52:55.320,对因为我理解就是上市公司
SPEAKER_01,52:55.320,52:56.520,也在做新能源业务
SPEAKER_01,52:56.520,52:58.680,然后集团层面它本来有新能源业务
SPEAKER_01,52:58.680,53:01.360,就是这个其实是存在一个竞争的问题
SPEAKER_01,53:01.360,53:03.400,就是说集团层面是怎么规划
SPEAKER_01,53:03.400,53:04.480,这两块业务的
SPEAKER_01,53:04.480,53:06.440,请您介绍一下
SPEAKER_02,53:06.440,53:08.320,是它是这样子
SPEAKER_02,53:08.320,53:11.280,就集团层面它基本上也不会自己做
SPEAKER_02,53:11.280,53:14.160,它一般都是也是依托个二级单位在做
SPEAKER_02,53:14.160,53:20.080,就类似于比如说江苏公司
SPEAKER_02,53:20.080,53:22.200,或者其他的一些区域公司
SPEAKER_02,53:22.200,53:25.640,那么那些区域公司主要做实的
SPEAKER_02,53:25.640,53:28.880,可能还是本区域内的做的会比较多一点
SPEAKER_02,53:28.880,53:31.800,比如说江苏公司这一块
SPEAKER_02,53:31.800,53:34.120,它可能在附近的海上风电
SPEAKER_02,53:34.360,53:38.000,包括它有这个盐城
SPEAKER_02,53:38.000,53:40.480,它有一个新能源的一个
SPEAKER_02,53:40.480,53:43.880,一个整体的一个新能源公司
SPEAKER_02,53:43.880,53:47.720,然后它也在开发一些项目
SPEAKER_02,53:47.720,53:52.280,当然你说到的可能也会存在竞争的一些关系
SPEAKER_02,53:52.280,53:56.840,因为大家都在各个地方在开发项目
SPEAKER_02,53:56.840,54:01.600,然后中国电力主要是还是依托各个地方的电厂
SPEAKER_02,54:01.640,54:05.360,比如说中国电力它跟区域公司还不一样
SPEAKER_02,54:05.360,54:10.360,它比如说它在各个地方都会有这些大的电厂
SPEAKER_02,54:10.360,54:13.000,比如说在山西它有神头电厂
SPEAKER_02,54:13.000,54:15.840,所以我们当时在大同拿了好多项目
SPEAKER_02,54:15.840,54:17.840,这一次四个项目也是第一批的
SPEAKER_02,54:17.840,54:19.840,装到了并表基金里面
SPEAKER_02,54:19.840,54:22.680,然后我们还有这个平卫电厂
SPEAKER_02,54:22.680,54:25.280,那么它可能在安徽区域也在拿项目
SPEAKER_02,54:25.280,54:27.480,当然它有的大的项目
SPEAKER_02,54:27.480,54:31.320,可能也是拿到了西北地区去拿项目的
SPEAKER_02,54:31.320,54:33.880,还有我们大别山电厂
SPEAKER_02,54:33.880,54:39.800,那么它在湖北区域也是拿了一些百万基地的项目
SPEAKER_02,54:39.800,54:42.600,那么像长暑江苏
SPEAKER_02,54:42.600,54:44.560,江苏它没有大的项目
SPEAKER_02,54:44.560,54:47.800,但它有一些现役的光伏的一些开发
SPEAKER_02,54:47.800,54:52.640,就是发挥属地化的一些区域的一些优势
SPEAKER_02,54:52.640,54:54.600,因为大型的火电
SPEAKER_02,54:54.600,55:01.720,所以相对跟政府的一些关系还是比较密切的
SPEAKER_02,55:01.720,55:05.000,所以它相对来说拿资源会方便一点
SPEAKER_01,55:07.000,55:11.400,那就是说就是集团会不会对上市公司
SPEAKER_01,55:11.400,55:13.600,有那种什么业务方面的支持
SPEAKER_01,55:13.600,55:17.080,或者把比较优质的那种项目
SPEAKER_02,55:17.080,55:18.760,它是这样
SPEAKER_02,55:18.760,55:25.000,对 这个也不好说的太多吧
SPEAKER_02,55:25.000,55:28.000,因为毕竟中国电力也是一个上市公司
SPEAKER_02,55:28.000,55:34.120,但是从你说的可能应该是会有这个趋势
SPEAKER_02,55:34.120,55:40.040,因为去年我们从这个就是中电新能源
SPEAKER_02,55:40.040,55:44.880,中电新能源是国家电投的一个
SPEAKER_02,55:44.880,55:47.160,一个中电新能源的一个公司
SPEAKER_02,55:47.200,55:51.360,但是它不在上市中国电力的这个范围内
SPEAKER_02,55:51.360,55:53.240,就股权关系不在中国电力
SPEAKER_02,55:53.240,55:55.760,但是中国电力收投管理的
SPEAKER_02,55:55.760,56:00.760,我们去年是从它那边收购了
SPEAKER_02,56:00.760,56:04.240,23个新能源的项目公司
SPEAKER_02,56:04.240,56:09.880,有风电、光伏、还有那个环保电厂
SPEAKER_02,56:09.880,56:12.440,这个只能讲过去的事情
SPEAKER_02,56:12.440,56:16.200,但是预期未来有可能会存在
SPEAKER_02,56:16.200,56:20.160,因为这一块可能涉及到上市公司的一些事项
SPEAKER_02,56:20.160,56:21.960,可能也不方便多说
speaker_无,56:21.960,56:25.080,好的 谢谢沈总
SPEAKER_01,56:25.080,56:26.480,我这边没有其他问题
SPEAKER_04,56:26.480,56:30.960,沈总 因为领导这会在开会
SPEAKER_04,56:30.960,56:33.080,他刚才发来几个问题
SPEAKER_04,56:33.080,56:36.600,我试着理解
SPEAKER_04,56:36.600,56:38.400,然后并带他提问一下
SPEAKER_04,56:38.400,56:42.200,第一个问题就是咱们底层的这些项目公司
SPEAKER_04,56:42.200,56:45.600,有一些不是100%持股的
SPEAKER_04,56:45.720,56:49.800,将来假如在退出的时候
SPEAKER_04,56:49.800,56:51.800,就还是回到刚才那个问题
SPEAKER_04,56:51.800,56:54.120,假如公司没有形式回购权
SPEAKER_04,56:54.120,56:57.840,我们要转让股权也好
SPEAKER_04,56:57.840,57:01.600,或者是把这些项目来IPO也好
SPEAKER_04,57:01.600,57:03.320,就等等这种退出方式
SPEAKER_04,57:03.320,57:08.480,那些不是全资的这些项目公司的那些其他股东
SPEAKER_04,57:08.480,57:13.560,会不会对我们形式权利有限制
SPEAKER_04,57:13.560,57:15.480,如果有的话有什么样的限制
SPEAKER_02,57:16.480,57:19.040,现在应该不是100%的
SPEAKER_02,57:19.040,57:25.440,也是我们基本上都是我们集团内的公司
SPEAKER_02,57:25.440,57:29.120,比如说像最大的是叫什么
SPEAKER_02,57:29.120,57:31.200,九全
SPEAKER_02,57:31.200,57:34.440,对 九全的它有30%左右的是
SPEAKER_02,57:34.440,57:36.960,刚才我讲的中电新能源的
SPEAKER_02,57:36.960,57:40.400,这家公司也是我们在一体化的管理
SPEAKER_04,57:41.400,57:43.280,所以就是
SPEAKER_00,57:44.120,57:45.080,我补充一下
SPEAKER_00,57:45.080,57:47.520,我们这个底层项目公司
SPEAKER_00,57:47.520,57:49.200,您看有的可能70%多股权
SPEAKER_00,57:49.200,57:50.440,有的40%多股权
SPEAKER_00,57:50.440,57:54.080,我们另外的股东全部都是国电头体系内的
SPEAKER_00,57:54.080,57:55.960,就不存在体系外的股东
SPEAKER_00,57:56.400,57:58.040,就包括说中电新能源
SPEAKER_00,57:58.040,57:59.320,刚才沈总提到
SPEAKER_00,57:59.320,58:02.520,它是国家电头的一个子公司
SPEAKER_00,58:02.520,58:05.680,但是是由中国电力这边代管的
SPEAKER_00,58:05.800,58:07.120,包括中电新能源的董事长
SPEAKER_00,58:07.120,58:09.800,也是由中国电力这边的副总裁兼任的
SPEAKER_00,58:09.960,58:11.160,除此之外剩下的
SPEAKER_00,58:11.160,58:12.600,比如说像淮南
SPEAKER_00,58:12.600,58:14.360,像合泽 德州
SPEAKER_00,58:14.360,58:15.520,这些项目的小股东
SPEAKER_00,58:15.520,58:17.120,都是中国电力的子公司
SPEAKER_00,58:17.320,58:20.840,但是因为当时没有完全转过来的原因
SPEAKER_00,58:20.840,58:23.520,也是有一些是因为地方政府的一些原因
SPEAKER_00,58:23.520,58:24.600,就是有些地方政府就说
SPEAKER_00,58:24.600,58:26.520,我不同意你把全部股权转出去
SPEAKER_00,58:26.520,58:29.440,你得保留一些股权
SPEAKER_00,58:29.440,58:31.120,然后有些可能是说
SPEAKER_00,58:31.120,58:32.680,还是刚才沈总也提到了
SPEAKER_00,58:32.680,58:35.760,现在可能国电头对于各个子公司的考核
SPEAKER_00,58:35.760,58:36.920,也比较
SPEAKER_00,58:37.280,58:38.280,考核要求比较高
SPEAKER_00,58:38.440,58:40.200,所以说有些子公司它就想着说
SPEAKER_00,58:40.240,58:41.040,它要全转了
SPEAKER_00,58:41.040,58:43.440,可能这部分考核就算不到它头上了
SPEAKER_00,58:43.440,58:44.880,它就会保留一部分股权
SPEAKER_00,58:44.880,58:47.440,这样肯定它的考核压力就会小一些
SPEAKER_00,58:47.560,58:49.120,就是基于这些原因
SPEAKER_00,58:49.120,58:51.120,但是股权穿透上去
SPEAKER_00,58:51.120,58:53.800,是不存在国家电头体系之外的公司的
SPEAKER_00,58:53.800,58:55.400,全是国家电头的子公司
SPEAKER_00,58:55.600,58:57.320,就除了中电新能源
SPEAKER_00,58:57.320,58:59.360,在股权关系上跟中国电力没关
SPEAKER_00,58:59.360,58:59.960,就没关系
SPEAKER_00,58:59.960,59:01.800,但它是中国电力实际上管理的
SPEAKER_00,59:01.960,59:03.520,包括说高管也是兼任的
SPEAKER_00,59:03.520,59:05.480,剩下的全是中国电力的子公司
SPEAKER_04,59:08.120,59:08.680,对
SPEAKER_04,59:08.840,59:11.040,但是从法理上讲
SPEAKER_04,59:11.040,59:13.960,它是属于不同的法人单位
SPEAKER_04,59:14.960,59:19.600,那些单位如果行使某一个权力的话
SPEAKER_04,59:19.600,59:23.400,会不会妨碍我们的行权
SPEAKER_00,59:24.200,59:25.640,这个角度我觉得
SPEAKER_00,59:25.640,59:28.440,比如说咱们从严格的法律关系上来说
SPEAKER_00,59:28.440,59:30.160,它确实是个独立的主体
SPEAKER_00,59:30.360,59:32.920,这是从严格的法律关系上来说
SPEAKER_00,59:32.920,59:35.080,但是我们觉得我们整个的基金
SPEAKER_00,59:35.080,59:39.000,还是从一个更宏观更框架性的角度来看
SPEAKER_06,59:39.080,59:40.520,也包括说我们整个
SPEAKER_06,59:40.520,59:43.480,调动报应 我补充一下
SPEAKER_06,59:43.680,59:45.800,你要卖你持有公司的股权的话
SPEAKER_06,59:45.800,59:47.720,它其他的股东是有
SPEAKER_06,59:47.920,59:49.800,它可以提优先认购
SPEAKER_06,59:49.880,59:51.880,但是你一段时间内不反馈的话
SPEAKER_06,59:52.080,59:56.920,我们向外部转让股权是没有阻碍的
SPEAKER_00,59:57.320,59:58.200,我明白
SPEAKER_00,59:58.200,01:00:02.760,我明白于总 包括谷总担心的问题
SPEAKER_00,01:00:02.840,01:00:03.960,然后我就想补充那一点
SPEAKER_00,01:00:03.960,01:00:05.320,就是说我们可能对整个项目
SPEAKER_00,01:00:05.320,01:00:06.720,还是更框架性的来看
SPEAKER_00,01:00:06.720,01:00:10.000,因为我们整个结构都上报到国电头集团
SPEAKER_00,01:00:10.000,01:00:12.960,包括国电头的总裁都亲自批过了
SPEAKER_00,01:00:12.960,01:00:15.520,我觉得他的子公司应该不至于说
SPEAKER_00,01:00:15.680,01:00:16.680,非要跟集团
SPEAKER_00,01:00:16.680,01:00:20.240,就是说 我就作为一个法人主体
SPEAKER_00,01:00:20.240,01:00:22.960,我就不同意或者说行使什么样的权力
SPEAKER_00,01:00:23.040,01:00:26.040,致使整个集团的安排有什么变化
SPEAKER_00,01:00:26.040,01:00:28.560,所以如果我们严格的说
SPEAKER_00,01:00:28.560,01:00:29.440,从法律上来说
SPEAKER_00,01:00:29.440,01:00:30.920,它不管是淮南公司也好
SPEAKER_00,01:00:30.920,01:00:32.120,还是山东公司也好
SPEAKER_00,01:00:32.120,01:00:33.280,它都是个独立的主体
SPEAKER_00,01:00:33.280,01:00:36.640,它确实有法律上的权力
SPEAKER_00,01:00:36.640,01:00:38.880,但是我们还是更框架性的来看
SPEAKER_00,01:00:39.000,01:00:40.880,毕竟是集团审批过的业务
SPEAKER_00,01:00:40.880,01:00:43.800,可能还是要放到整个国电头集团的
SPEAKER_00,01:00:43.800,01:00:45.080,这么一个框架下来判断
SPEAKER_04,01:00:45.720,01:00:46.640,明白
SPEAKER_04,01:00:46.800,01:00:50.160,然后领导关心的第二个问题就是
SPEAKER_04,01:00:50.400,01:00:52.640,可能刚才也提了
SPEAKER_04,01:00:52.640,01:00:53.720,我想再确认一下
SPEAKER_04,01:00:53.720,01:00:56.280,就是三年以后或者五年以后
SPEAKER_04,01:00:56.280,01:00:59.520,中国电力回购这些份额的时候
SPEAKER_04,01:00:59.520,01:01:01.080,它的决策的
SPEAKER_04,01:01:02.080,01:01:06.080,现在还没有明确的一个决策机制
SPEAKER_04,01:01:06.080,01:01:07.360,现在还没有
SPEAKER_04,01:01:07.360,01:01:10.640,不能确定说承诺一定会回购
SPEAKER_04,01:01:10.640,01:01:14.960,但是这个决策机制是明确的吗
SPEAKER_04,01:01:16.600,01:01:18.160,我不知道我问清楚一个问题了没有
SPEAKER_00,01:01:18.160,01:01:19.520,我明白您的意思
SPEAKER_00,01:01:19.520,01:01:21.360,您就说现在因为它肯定不能说
SPEAKER_01,01:01:21.360,01:01:22.920,已经出了一个决议文件
SPEAKER_04,01:01:22.920,01:01:24.280,说我肯定会回购
SPEAKER_00,01:01:24.280,01:01:26.200,比如说它三年之后要回购
SPEAKER_00,01:01:26.200,01:01:27.360,它得走个什么流程
SPEAKER_00,01:01:27.360,01:01:29.960,对 想问清楚这个
SPEAKER_00,01:01:30.960,01:01:33.320,我先说明一下
SPEAKER_00,01:01:33.320,01:01:36.240,然后根据我之前跟咱们中介这边的沟通
SPEAKER_00,01:01:36.240,01:01:38.040,然后让沈总这边再补充一下
SPEAKER_00,01:01:38.160,01:01:39.560,我们理解它回购的话
SPEAKER_00,01:01:39.560,01:01:42.120,它肯定一方面就是企业内部的流程
SPEAKER_00,01:01:42.120,01:01:44.560,另一方面也会涉及到相当于是有
SPEAKER_00,01:01:44.560,01:01:46.440,国资备案评估的这么一个流程
SPEAKER_00,01:01:46.560,01:01:51.640,内部流程肯定就还是说需要上董事会
SPEAKER_00,01:01:51.720,01:01:53.520,由董事会来决议
SPEAKER_00,01:01:53.520,01:01:56.000,但是我们的整个交易结构的背景
SPEAKER_00,01:01:56.000,01:01:57.400,董事会它其实已经是决议过了
SPEAKER_00,01:01:57.400,01:01:58.760,它肯定也是知道这个事的
SPEAKER_00,01:01:58.840,01:02:00.800,对它来说肯定不是一个新事
SPEAKER_00,01:02:00.920,01:02:04.560,不是说我真的说要去买一个新项目的那种概念
SPEAKER_00,01:02:04.560,01:02:07.720,它毕竟还是一个原来框架下的一个
SPEAKER_00,01:02:07.720,01:02:09.720,回购的一个旅行
SPEAKER_00,01:02:10.000,01:02:11.120,但是说流程角度来说
SPEAKER_00,01:02:11.120,01:02:13.440,我理解应该还是要上一个中国电力的董事会
SPEAKER_00,01:02:13.760,01:02:15.920,就不知道我的理解是不是正确
SPEAKER_00,01:02:15.920,01:02:18.320,然后请沈总帮忙补充一下
SPEAKER_02,01:02:19.600,01:02:20.520,它这样子
SPEAKER_02,01:02:20.520,01:02:23.440,这一次因为我们也是并表基金去收购
SPEAKER_02,01:02:23.440,01:02:27.920,就相当于表内的单位去收购表内的项目
SPEAKER_02,01:02:27.960,01:02:29.640,那么下次如果回购的话
SPEAKER_02,01:02:29.920,01:02:31.280,我还是中国电力的话
SPEAKER_02,01:02:31.280,01:02:33.160,那么还是表内收购表内的
SPEAKER_02,01:02:33.160,01:02:38.640,实际上它跟这一次的出去的程序应该是差不多的
SPEAKER_02,01:02:38.640,01:02:39.760,应该是一致的
SPEAKER_02,01:02:40.040,01:02:41.960,就是出去的时候上什么会
SPEAKER_02,01:02:41.960,01:02:43.920,那它回来的时候还是上什么会
SPEAKER_02,01:02:43.920,01:02:46.760,就是按照目前的制度的规定
SPEAKER_02,01:02:46.960,01:02:50.560,因为这一块该上什么会或者该怎么弄
SPEAKER_02,01:02:50.720,01:02:54.000,都是按照集团公司
SPEAKER_02,01:02:54.360,01:02:56.480,它有授权的手册的
SPEAKER_02,01:02:56.520,01:02:58.720,然后会授权给中国电力
SPEAKER_02,01:02:58.720,01:03:02.240,你有哪些决策市场是你可以决策的
SPEAKER_02,01:03:02.240,01:03:06.400,哪些是需要集团公司来决策的
SPEAKER_04,01:03:08.800,01:03:10.040,好的明白
SPEAKER_02,01:03:10.520,01:03:12.880,所以虽然没写出来
SPEAKER_02,01:03:12.880,01:03:14.760,但实际上它的路径都是清晰的
SPEAKER_02,01:03:14.760,01:03:16.640,我们都是按照制度来执行的
SPEAKER_04,01:03:18.680,01:03:19.680,好行谢谢沈总
SPEAKER_04,01:03:19.680,01:03:20.520,也谢谢乔总
SPEAKER_04,01:03:20.520,01:03:22.880,我这边没有其他的疑问了
speaker_无,01:03:23.800,01:03:24.320,好
SPEAKER_06,01:03:26.840,01:03:27.600,沈总不好意思
SPEAKER_06,01:03:28.040,01:03:29.960,我是大资产雇收部的预科
SPEAKER_06,01:03:29.960,01:03:31.640,然后耽误您两分钟时间
SPEAKER_06,01:03:31.640,01:03:33.840,我再问两个简单的问题
SPEAKER_06,01:03:34.360,01:03:35.720,我想问首先我想问一下
SPEAKER_06,01:03:35.880,01:03:39.120,中国电力目前一个综合的大概的一个融资成本大概多少
SPEAKER_02,01:03:41.120,01:03:43.960,综合的你讲的应该是在
SPEAKER_06,01:03:45.520,01:03:46.440,对
SPEAKER_02,01:03:47.680,01:03:49.200,在这一块综合的
SPEAKER_02,01:03:49.200,01:03:52.080,我们现在要求就是控制在就新增的
SPEAKER_02,01:03:52.760,01:03:56.000,新增的我估计是在2.6到2.8
speaker_无,01:03:57.480,01:03:59.080,好的
SPEAKER_06,01:03:59.080,01:04:03.880,然后公司目前我看有两笔还有不到一年
SPEAKER_06,01:04:04.240,01:04:06.120,就是会跳息的永续债
SPEAKER_06,01:04:07.000,01:04:08.920,大概票面是4.6
SPEAKER_06,01:04:08.920,01:04:12.040,就是这个到时候你们是会跳息吗
SPEAKER_02,01:04:12.400,01:04:14.680,还是不可能的
SPEAKER_02,01:04:14.680,01:04:16.840,从来没发生过跳息的
SPEAKER_02,01:04:17.360,01:04:19.760,明白
SPEAKER_06,01:04:20.040,01:04:23.080,然后那一块你们不用担心的
SPEAKER_06,01:04:23.080,01:04:24.400,然后我想问一下
SPEAKER_06,01:04:25.000,01:04:29.720,咱们自然知识计划还有基金层面
SPEAKER_06,01:04:29.720,01:04:32.120,它有两个一个叫什么中电智慧
SPEAKER_06,01:04:32.480,01:04:36.240,还有一个叫什么中电国瑞供应链
SPEAKER_06,01:04:36.240,01:04:38.680,这两个公司在体系内感觉比较小
SPEAKER_06,01:04:39.080,01:04:41.080,他们为什么会参与到这个结构里面
SPEAKER_03,01:04:44.160,01:04:46.640,这个地景我先介绍一下这个背景
SPEAKER_00,01:04:46.640,01:04:50.160,然后让沈总补充一下
SPEAKER_00,01:04:50.160,01:04:52.080,就当时我们设计整个结构的时候
SPEAKER_00,01:04:52.880,01:04:54.000,肯定说在LP层面
SPEAKER_00,01:04:54.000,01:04:56.040,我们是需要中国电力去做一个跟头的
SPEAKER_00,01:04:56.520,01:04:59.200,这样的话可能跟咱们投资人的利益跟绑定
SPEAKER_00,01:04:59.360,01:05:02.440,但是中国电力因为它是注册在香港的公司
SPEAKER_00,01:05:02.680,01:05:05.280,所以说它如果说要在境内投一个基金
SPEAKER_00,01:05:05.280,01:05:07.720,就会涉及到这种资金跨境监管的问题
SPEAKER_00,01:05:09.040,01:05:11.640,所以说当时就说让中国电力找一个
SPEAKER_00,01:05:11.640,01:05:13.840,它在自己境内的子公司
SPEAKER_00,01:05:13.840,01:05:15.800,然后方便它提供资金的
SPEAKER_00,01:05:15.800,01:05:18.480,然后他们当时就选定了一个中电国瑞
SPEAKER_00,01:05:18.480,01:05:21.680,然后因为中电国瑞它是中国电力全资的
SPEAKER_00,01:05:21.880,01:05:24.240,然后中国电力给它提供这种资本金的支持
SPEAKER_00,01:05:24.240,01:05:25.520,也会更便利一些
SPEAKER_00,01:05:26.120,01:05:28.840,然后包括说中电国瑞可能它不像其他的电厂
SPEAKER_00,01:05:28.840,01:05:31.920,可能还有那种经营业务相对简单一些
SPEAKER_00,01:05:31.920,01:05:33.960,它主要是做这种供应链的
SPEAKER_00,01:05:34.560,01:05:36.720,然后它其实相当于是带中国电力去出资的
SPEAKER_00,01:05:36.720,01:05:39.920,其实中国电力一开始是想直接在基金里面出钱的
SPEAKER_00,01:05:39.920,01:05:43.960,但是受限于它的注册在香港的这么一个身份
SPEAKER_00,01:05:43.960,01:05:45.840,所以说会遇到很多的麻烦
SPEAKER_00,01:05:45.960,01:05:48.320,所以说当时就中电国瑞带它来出资了
SPEAKER_00,01:05:49.120,01:05:51.200,中电智慧也是同样的原因
SPEAKER_00,01:05:51.240,01:05:55.080,因为中国电力当时领导是说
SPEAKER_00,01:05:55.080,01:05:57.840,他们已经在整个基金里边出了10个亿了
SPEAKER_00,01:05:57.960,01:05:59.040,也得派一个GP
SPEAKER_00,01:05:59.040,01:06:02.840,这样感觉就是能够对基金有一个更强的参与
SPEAKER_00,01:06:02.840,01:06:07.000,也可以就是说对自己投资的这10个亿的资金安全
SPEAKER_00,01:06:07.000,01:06:08.360,有一个相对的保证
SPEAKER_00,01:06:08.480,01:06:09.600,是基于这么一个背景
SPEAKER_00,01:06:09.600,01:06:11.400,所以说这两个公司参与的
SPEAKER_00,01:06:12.440,01:06:13.960,然后这两个公司的具体情况
SPEAKER_00,01:06:13.960,01:06:15.920,可以请沈总介绍一下
speaker_无,01:06:15.920,01:06:21.200,好吧
SPEAKER_02,01:06:21.200,01:06:22.440,那我先说一下
SPEAKER_02,01:06:22.640,01:06:26.720,实际上我们内部对中电国瑞的一个定位
SPEAKER_02,01:06:27.960,01:06:30.640,应该算是一个境内的
SPEAKER_02,01:06:30.640,01:06:32.520,类似于一个融资平台一样的
SPEAKER_02,01:06:32.520,01:06:34.080,就是给它的一个定位
SPEAKER_02,01:06:34.360,01:06:37.480,它主要的业务范围应该是
SPEAKER_02,01:06:37.680,01:06:40.320,当然它也在开发一些新能源项目
SPEAKER_02,01:06:40.320,01:06:42.760,但是那些新能源项目可能也不是它的主业
SPEAKER_02,01:06:42.800,01:06:46.040,它的主业还是做供应链这一块
SPEAKER_02,01:06:46.040,01:06:49.200,包括我的煤炭的一些交易
SPEAKER_02,01:06:49.200,01:06:51.760,和物资的一些采购的一些交易
SPEAKER_02,01:06:52.120,01:06:56.120,然后还有做一些就各电厂的一些粉碎灰的一些业务
SPEAKER_02,01:06:56.120,01:06:59.760,但是内部我们基本上就是对它的一个定位
SPEAKER_02,01:06:59.760,01:07:04.480,就是中国电力的可能境内的类似于的一个融资平台
SPEAKER_02,01:07:04.480,01:07:07.080,就像刚才乔经理说的
SPEAKER_02,01:07:07.480,01:07:10.800,我们因为中国电力它是外资的身份
SPEAKER_02,01:07:11.000,01:07:13.760,确实是你要融资
SPEAKER_02,01:07:13.760,01:07:17.520,你要可能有的时候会有跨境的问题
SPEAKER_02,01:07:17.520,01:07:21.720,就会受一些外管受一些其他方面的一些制约
SPEAKER_02,01:07:22.080,01:07:25.800,所以我们境内基本上都是利用这个平台来做
SPEAKER_06,01:07:29.600,01:07:30.720,谢谢沈总
SPEAKER_02,01:07:33.440,01:07:35.360,而且它相对也比较方便
SPEAKER_02,01:07:35.360,01:07:40.040,实际上它目前就在中国电力本部大楼的边上的
SPEAKER_02,01:07:40.080,01:07:41.120,楼上办公
SPEAKER_02,01:07:41.120,01:07:45.840,马上可能也要搬到我们中国电力大楼里面去办公了
SPEAKER_02,01:07:45.840,01:07:48.040,操作起来也会比较方便一点
SPEAKER_02,01:07:48.560,01:07:51.040,而且是我们全资的
SPEAKER_06,01:07:53.240,01:07:56.640,那那个中电智慧呢?就是那个GPR
SPEAKER_06,01:07:57.240,01:08:00.520,中电智慧它有这个管理能力吗?
SPEAKER_02,01:08:01.520,01:08:04.840,中电智慧
SPEAKER_02,01:08:05.840,01:08:13.240,中电智慧它目前也是一个
SPEAKER_02,01:08:13.240,01:08:19.520,就是一个就是我们做新产业或者新能源项目的一个公司
SPEAKER_02,01:08:19.520,01:08:21.880,也是在开发这一块的
SPEAKER_02,01:08:21.880,01:08:24.520,它目前做的项目还是比较多的
SPEAKER_02,01:08:25.520,01:08:27.520,新能源的风光的项目
SPEAKER_02,01:08:27.520,01:08:30.000,包括一些氢能一些项目
SPEAKER_06,01:08:33.000,01:08:34.400,好的明白
SPEAKER_06,01:08:34.440,01:08:37.240,然后因为那个公司是港股上市公司
SPEAKER_06,01:08:37.240,01:08:43.040,我想问一下国电头对公司目前的一个持股比例大概多少
SPEAKER_06,01:08:43.040,01:08:44.800,因为穿透我们看不到
SPEAKER_02,01:08:45.920,01:08:48.320,穿透的看不到是吗?
SPEAKER_02,01:08:48.320,01:08:50.080,现在应该是
SPEAKER_02,01:08:51.280,01:08:57.400,百分中国电力的股比应该是百分之
SPEAKER_02,01:08:57.400,01:08:59.200,是不是百分之六十不到啊?
SPEAKER_02,01:09:00.560,01:09:03.520,这一块具体的数字我到时候再确认了之后
SPEAKER_02,01:09:03.560,01:09:05.320,再跟你们说一下
SPEAKER_02,01:09:05.480,01:09:12.080,因为它在前年的时候做过几个资本营造项目之后
SPEAKER_02,01:09:12.760,01:09:15.080,最终的比例我们在
SPEAKER_06,01:09:15.080,01:09:18.360,因为好像国电头去年底好像增资了
SPEAKER_02,01:09:20.440,01:09:26.240,对它就是收购了中国电力
SPEAKER_02,01:09:26.240,01:09:28.920,从国电头那边收了23个
SPEAKER_02,01:09:28.920,01:09:31.960,从新能源收了23个项目公司过来
SPEAKER_02,01:09:32.000,01:09:34.400,然后百分之七十左右是发股的
SPEAKER_02,01:09:34.840,01:09:37.000,然后百分之三十是现金交易的
SPEAKER_02,01:09:37.000,01:09:38.720,所以这一块调整之后
SPEAKER_02,01:09:39.680,01:09:42.240,我到时候把数据再给到你们
SPEAKER_02,01:09:42.240,01:09:43.800,应该是百分之六十左右
SPEAKER_02,01:09:43.800,01:09:45.040,可能六十不到一点
SPEAKER_06,01:09:46.400,01:09:47.480,好的谢谢陈总
SPEAKER_06,01:09:47.480,01:09:49.160,还有最后一个问题就是说
SPEAKER_06,01:09:49.400,01:09:51.480,因为我们看公开披露的募集
SPEAKER_06,01:09:51.640,01:09:54.800,说中国电力是国电头体系内的旗舰企业
SPEAKER_06,01:09:55.440,01:09:59.680,然后目前应该中国电力是国电头体系内最大的子公司
SPEAKER_02,01:10:02.680,01:10:06.440,对是基本上它的规模应该是占了
SPEAKER_02,01:10:06.440,01:10:07.760,国电头的三分之一
SPEAKER_06,01:10:10.560,01:10:14.120,您指的哪个规模应该没有占三分之一
SPEAKER_02,01:10:15.360,01:10:17.440,我不知道是不是考核口径的
SPEAKER_02,01:10:17.440,01:10:21.320,我们考核口径的应该是整体的占了
SPEAKER_06,01:10:21.320,01:10:23.280,我记得您说的是装机规模吗
SPEAKER_06,01:10:23.280,01:10:24.440,还是资产规模
SPEAKER_02,01:10:25.240,01:10:26.320,资产规模
SPEAKER_06,01:10:27.920,01:10:30.840,明白我后面再核一下
SPEAKER_06,01:10:31.160,01:10:32.120,你这样吧
SPEAKER_00,01:10:32.120,01:10:34.560,可能它是不是考核口径的一个差距
SPEAKER_00,01:10:34.560,01:10:36.720,可能沈总说的就是因为可能它有很多项目
SPEAKER_00,01:10:36.720,01:10:39.560,它其实不是由中国电力持股的
SPEAKER_00,01:10:39.560,01:10:41.280,但它是由中国电力实际管理的
SPEAKER_00,01:10:41.280,01:10:42.640,那可能在内部考核的时候
SPEAKER_00,01:10:42.640,01:10:45.280,这个也会算成中国电力的项目或者说业务
SPEAKER_00,01:10:45.680,01:10:48.720,但可能于总这边看到的可能就是通过公开信息
SPEAKER_00,01:10:48.720,01:10:51.480,比如说我上市公司披露的半年报年报上面的数据
SPEAKER_02,01:10:53.120,01:10:53.640,对
SPEAKER_02,01:10:54.600,01:10:55.400,这个没关系
SPEAKER_02,01:10:55.400,01:10:58.120,你们可以写下来想要了解的
SPEAKER_02,01:10:58.120,01:11:00.280,我们在具体的数据再给到你们
SPEAKER_06,01:11:01.800,01:11:02.880,好的谢谢沈总
SPEAKER_06,01:11:02.880,01:11:03.800,也谢谢乔总
SPEAKER_06,01:11:03.800,01:11:04.800,我这边没什么问题
SPEAKER_05,01:11:06.560,01:11:09.240,沈总我请教个问题
SPEAKER_05,01:11:10.200,01:11:12.560,咱们基金头一共是22个项目
SPEAKER_05,01:11:12.720,01:11:13.960,13个项目公司
SPEAKER_05,01:11:13.960,01:11:19.160,其中有4个项目它是叫做已经申报进补贴目录
SPEAKER_05,01:11:19.160,01:11:20.440,还在公示中
SPEAKER_05,01:11:20.440,01:11:21.840,那么根据一般流程
SPEAKER_05,01:11:21.840,01:11:24.200,它这个公示流程需要多长时间
SPEAKER_05,01:11:25.000,01:11:26.080,才能让你补贴
SPEAKER_02,01:11:27.080,01:11:31.360,你看到的是哪
SPEAKER_02,01:11:31.360,01:11:33.280,你了解到的是哪些项目
SPEAKER_05,01:11:33.280,01:11:36.400,有4个项目
SPEAKER_05,01:11:37.200,01:11:37.880,对有4个
SPEAKER_05,01:11:37.880,01:11:45.840,比如说大同中电有一个叫做在压压箱的一个项目
SPEAKER_05,01:11:45.840,01:11:47.440,对
SPEAKER_05,01:11:47.520,01:11:48.800,比如说它现在是
SPEAKER_05,01:11:48.800,01:11:51.360,我看在能源营商是能查到的
SPEAKER_05,01:11:51.360,01:11:52.600,它已经公示了
SPEAKER_05,01:11:52.600,01:11:54.320,但是我理解公示的话
SPEAKER_05,01:11:54.320,01:11:56.760,并不代表已经纳入了补贴清单
SPEAKER_05,01:11:57.440,01:11:57.960,比如说它
SPEAKER_05,01:11:59.080,01:12:01.160,但我理解是不是已经是最后一道程序了
SPEAKER_05,01:12:01.160,01:12:02.800,还是它应该是个什么机制
speaker_无,01:12:02.880,01:12:04.840,大概是这样
SPEAKER_02,01:12:05.000,01:12:06.440,这个问题你先写下来
SPEAKER_02,01:12:06.680,01:12:09.280,因为这一块我们有专门的人在负责
SPEAKER_02,01:12:09.280,01:12:12.200,就是其他发展部的我们的同事
SPEAKER_02,01:12:12.200,01:12:14.480,对这一块情况可能比较了解
SPEAKER_02,01:12:14.760,01:12:17.120,但我的理解你只要是进入了公示
SPEAKER_02,01:12:17.120,01:12:20.640,基本上这些核查程序应该走的差不多了
SPEAKER_02,01:12:20.640,01:12:23.600,也是到最后的环节了
SPEAKER_02,01:12:23.720,01:12:28.200,主要因为是这两年不是正好国家在核查
SPEAKER_02,01:12:28.440,01:12:31.200,所以按道理你公示肯定它有一个时间段
SPEAKER_02,01:12:31.200,01:12:33.360,公示完了没有什么问题
SPEAKER_02,01:12:33.360,01:12:37.360,就给你要是不是进目录
SPEAKER_02,01:12:37.720,01:12:39.280,所以是不是这两年
SPEAKER_02,01:12:39.280,01:12:44.160,以前好像每半年它会有出来公示目录
SPEAKER_02,01:12:44.600,01:12:51.320,但这一块是不是受整体的这两年核查的一个情况的影响
SPEAKER_02,01:12:51.320,01:12:52.600,所以这一块慢一点
SPEAKER_05,01:12:53.480,01:12:54.600,好的明白
SPEAKER_05,01:12:54.600,01:12:55.320,谢谢沈总
SPEAKER_05,01:12:55.320,01:12:56.240,还有一个问题
SPEAKER_05,01:12:56.240,01:13:01.000,我看咱们集团内部可能对于这个项目是分成三种类型
SPEAKER_05,01:13:01.000,01:13:02.040,一种是评价
SPEAKER_05,01:13:02.120,01:13:03.640,一种是含补的
SPEAKER_05,01:13:03.640,01:13:04.720,还有一种是竞价
SPEAKER_05,01:13:04.720,01:13:07.600,但我理解其实竞价它也是有补贴的
SPEAKER_05,01:13:07.600,01:13:13.800,咱集团内部是怎么去区分竞价和普通的补贴的项目的
SPEAKER_05,01:13:15.800,01:13:18.600,因为我有点疑惑
SPEAKER_05,01:13:18.600,01:13:20.880,因为我看到这个合同里面是专门提到了
SPEAKER_05,01:13:21.120,01:13:25.920,评价项目和竞价项目要求资本家不低于9%
SPEAKER_05,01:13:26.680,01:13:29.600,我在想什么样的类型的它就属于叫竞价
SPEAKER_05,01:13:29.600,01:13:31.800,什么样的属于叫补贴
SPEAKER_02,01:13:33.760,01:13:39.520,它这个分类应该说是我理解的
SPEAKER_02,01:13:39.520,01:13:40.240,我了解的
SPEAKER_02,01:13:40.760,01:13:44.640,这一块它实际上是按照政府来的
SPEAKER_02,01:13:45.040,01:13:48.080,政府比如说带补贴的
SPEAKER_02,01:13:48.320,01:13:50.960,它实际上是有明确的一些规定的
SPEAKER_02,01:13:50.960,01:13:52.680,比如说哪一年
SPEAKER_02,01:13:53.040,01:13:55.760,2018年6月30号之前投产的
SPEAKER_02,01:13:55.760,01:13:58.720,或者2017年6月30号之前投产的
SPEAKER_02,01:13:58.920,01:14:00.040,在哪个区域的
SPEAKER_02,01:14:00.040,01:14:01.800,你算是补贴
SPEAKER_02,01:14:01.800,01:14:05.880,比如总的电价7毛5 8毛5或者9毛8或者9毛5
SPEAKER_02,01:14:06.560,01:14:08.640,它是有一个明确的规定的
SPEAKER_02,01:14:08.760,01:14:12.000,那么竞价的项目它还是看当地政府
SPEAKER_02,01:14:12.120,01:14:16.080,当地政府它会前几年在
SPEAKER_02,01:14:17.200,01:14:21.080,前几年它比如说比如说山东或者山西
SPEAKER_02,01:14:21.080,01:14:23.960,它这一块地方它就是为了招商引资
SPEAKER_02,01:14:24.200,01:14:25.280,它就拿出来
SPEAKER_02,01:14:25.600,01:14:27.960,然后政府会发一些文件
SPEAKER_02,01:14:28.040,01:14:32.640,然后要求各发电企业各五大集团来竞价
SPEAKER_02,01:14:33.000,01:14:36.440,所以它实际上是一个属地化的
SPEAKER_02,01:14:36.440,01:14:39.120,它就是跟补贴就不一样了
SPEAKER_02,01:14:39.160,01:14:42.480,它是当地政府给下发相关的文件
SPEAKER_02,01:14:42.480,01:14:43.840,然后让你们去竞价
SPEAKER_02,01:14:44.240,01:14:45.840,它竞价的标准比如说
SPEAKER_02,01:14:46.280,01:14:48.240,你在同阶段可能是
SPEAKER_02,01:14:48.760,01:14:52.560,如果说是按照国家带补贴的这种项目
SPEAKER_02,01:14:52.560,01:14:53.960,它可能是8毛5的
SPEAKER_02,01:14:53.960,01:14:56.520,但是有可能你竞价的可能就是8毛钱
SPEAKER_02,01:14:56.520,01:14:57.400,或者7毛5
SPEAKER_02,01:14:58.520,01:14:59.680,只要是竞价的
SPEAKER_02,01:14:59.920,01:15:02.840,那么按照政府的竞价的要求来的
SPEAKER_02,01:15:02.840,01:15:05.720,那你最后的定价那就是7毛5
SPEAKER_02,01:15:05.920,01:15:08.040,而不是说享受它的补贴的
SPEAKER_02,01:15:08.200,01:15:09.400,8毛5的定下来
SPEAKER_02,01:15:10.160,01:15:12.160,这个完全是不事看我们集团的
SPEAKER_02,01:15:12.160,01:15:13.080,是看政府的
SPEAKER_05,01:15:14.040,01:15:17.000,所以我理解相当于咱们的划分里面
SPEAKER_05,01:15:17.000,01:15:18.640,就是普通的补贴项目
SPEAKER_05,01:15:18.640,01:15:20.840,就是说是国家统一规定的
SPEAKER_05,01:15:20.840,01:15:22.080,这个补贴价格是多少
SPEAKER_05,01:15:22.080,01:15:23.360,补贴定价就是这个数
SPEAKER_05,01:15:23.360,01:15:25.280,不需要有任何的差异
SPEAKER_05,01:15:25.560,01:15:27.680,竞价就是说我们自己报的一个价格
SPEAKER_05,01:15:27.680,01:15:28.720,反正价低就得了
SPEAKER_05,01:15:28.720,01:15:29.520,是这么一个概念
SPEAKER_05,01:15:29.520,01:15:29.800,对吧
SPEAKER_02,01:15:29.800,01:15:30.480,对
SPEAKER_02,01:15:30.480,01:15:30.760,对
SPEAKER_05,01:15:30.760,01:15:31.240,明白
SPEAKER_05,01:15:31.480,01:15:32.600,然后还有一个小问题
SPEAKER_05,01:15:33.120,01:15:33.800,我想问一下
SPEAKER_05,01:15:34.080,01:15:37.760,比如说现在这种已经纳入补贴清单的这些项目
SPEAKER_05,01:15:38.240,01:15:41.960,它这个补贴大概的一个到位的周期
SPEAKER_05,01:15:41.960,01:15:44.280,或者说时间是有大数吗
SPEAKER_05,01:15:44.280,01:15:46.480,大概的一个关系
SPEAKER_02,01:15:47.320,01:15:50.160,它首先肯定是要进入补贴的目录
SPEAKER_02,01:15:50.440,01:15:52.520,但这一块确实不太好说
SPEAKER_02,01:15:52.520,01:15:56.040,你想这两年国家清了一批补贴
SPEAKER_02,01:15:56.040,01:15:57.760,清了大概60%的补贴
SPEAKER_02,01:15:57.760,01:16:01.280,把几千的补贴都给到了各个电力企业
SPEAKER_02,01:16:01.640,01:16:03.200,但是你后续的话
SPEAKER_02,01:16:04.160,01:16:06.560,你还真不太好说
SPEAKER_02,01:16:06.560,01:16:08.840,一般我们认为是两到三年
SPEAKER_02,01:16:09.160,01:16:11.840,肯定能够逐步的会回收的
SPEAKER_02,01:16:12.680,01:16:15.560,就这一块完全是国家的一个行为
SPEAKER_05,01:16:17.080,01:16:17.520,行
SPEAKER_05,01:16:17.520,01:16:17.880,好的
SPEAKER_05,01:16:17.880,01:16:19.040,我们没有其他问题了
SPEAKER_05,01:16:19.040,01:16:19.720,谢谢沈总
SPEAKER_05,01:16:19.720,01:16:20.800,谢谢乔总
SPEAKER_00,01:16:26.120,01:16:28.840,看咱们大家资产的其他领导同事
SPEAKER_00,01:16:28.840,01:16:30.280,有没有需要的评论区
SPEAKER_03,01:16:31.600,01:16:32.600,沈总好
SPEAKER_03,01:16:32.600,01:16:34.520,我是大家资产红补
SPEAKER_03,01:16:35.080,01:16:37.160,我想补充问几个问题
SPEAKER_03,01:16:37.160,01:16:39.120,一个是刚才接着宇科问
SPEAKER_03,01:16:39.120,01:16:44.800,就是我们刚才说的公司的现有的债务的
SPEAKER_03,01:16:44.800,01:16:47.040,平均融资成本大概是多少
SPEAKER_03,01:16:49.040,01:16:50.080,现有的
SPEAKER_03,01:16:50.080,01:16:51.240,存量债务
SPEAKER_02,01:16:52.240,01:16:54.800,存量债务如果你需要具体的话
SPEAKER_02,01:16:54.800,01:16:57.280,我可以跟资金口去要一下
SPEAKER_02,01:16:57.280,01:16:59.880,你就是还需要的是上市口径的
SPEAKER_02,01:16:59.880,01:17:00.320,对吗
SPEAKER_02,01:17:00.640,01:17:01.960,我只知道新增的
SPEAKER_02,01:17:01.960,01:17:03.920,因为我们现在是有一个要求
SPEAKER_02,01:17:03.920,01:17:08.560,但存量还得要看各家汇总上来的一个数据
SPEAKER_02,01:17:08.560,01:17:10.480,但是我想应该是
SPEAKER_02,01:17:12.920,01:17:14.480,应该也不会太高
SPEAKER_03,01:17:14.480,01:17:17.280,对我们这边可能就是想了解一个
SPEAKER_03,01:17:17.280,01:17:20.080,一个是存量债务的平均融资成本
SPEAKER_03,01:17:20.080,01:17:24.160,然后另外一个就是我们体系内最高的融资成本
SPEAKER_03,01:17:24.160,01:17:25.920,包括类瑞词和债转股
SPEAKER_03,01:17:25.920,01:17:28.480,我们理解的类瑞词和债转股是最高的
SPEAKER_03,01:17:28.480,01:17:28.960,对吧
SPEAKER_02,01:17:30.360,01:17:31.800,你们写一下
SPEAKER_02,01:17:32.000,01:17:34.880,我估计类瑞词和债转股应该是
SPEAKER_02,01:17:34.880,01:17:39.360,跟最多最多跟我们这个项目差不多
speaker_无,01:17:39.360,01:17:42.560,Ok好的
SPEAKER_00,01:17:42.560,01:17:44.400,这个我补充一下
SPEAKER_00,01:17:44.560,01:17:46.840,可能咱们明天不是发业绩公告
SPEAKER_00,01:17:46.840,01:17:48.560,我们可能在业绩发布的时候
SPEAKER_00,01:17:48.560,01:17:51.040,可能也会披露咱们的平均融资成本
SPEAKER_00,01:17:51.040,01:17:53.240,然后如果您这边比如说对于融资成本
SPEAKER_00,01:17:53.240,01:17:55.120,可能需要进一步补充细化的
SPEAKER_00,01:17:55.120,01:17:57.000,然后您可以写一个清单
SPEAKER_00,01:17:57.000,01:17:59.560,我们让沈总这边帮忙协调补充一下
SPEAKER_02,01:18:00.000,01:18:00.600,对
SPEAKER_02,01:18:01.160,01:18:03.800,你们需要的口径应该都是中国电力的
SPEAKER_02,01:18:03.800,01:18:04.360,对吗
SPEAKER_03,01:18:04.920,01:18:05.880,对的
speaker_无,01:18:06.320,01:18:07.880,对
SPEAKER_03,01:18:09.120,01:18:12.200,还有一个问题就是去年不是下半年
SPEAKER_03,01:18:12.200,01:18:14.520,有一轮新能源补贴核查
SPEAKER_03,01:18:14.560,01:18:18.280,然后我想了解一下就是我们体系内的项目
SPEAKER_03,01:18:18.280,01:18:22.080,有没有就是说被补贴核查
SPEAKER_03,01:18:22.080,01:18:26.920,然后最后是就是说因为各种理由被退补的
speaker_无,01:18:27.680,01:18:28.600,没有
SPEAKER_03,01:18:29.400,01:18:34.600,整个中国电力表内的项目就都没有对吧
SPEAKER_02,01:18:35.200,01:18:36.160,没有退补的
speaker_无,01:18:36.160,01:18:36.800,对
SPEAKER_03,01:18:37.280,01:18:42.600,就有我看网站上是有一些就是说确认
SPEAKER_03,01:18:42.600,01:18:46.120,已确认合规项目的公式
SPEAKER_03,01:18:46.120,01:18:49.680,这些底层的项目是都确认过合规的
SPEAKER_02,01:18:51.280,01:18:56.720,对因为它去年基本上绝大部分都是核查过了
SPEAKER_02,01:18:57.280,01:18:59.560,所以我们应该说是
SPEAKER_02,01:18:59.560,01:19:02.680,因为去年我们也参与了
SPEAKER_02,01:19:02.680,01:19:08.280,就财务我们也参与了补贴核查的相应的一部分的内容
SPEAKER_02,01:19:08.640,01:19:13.720,然后整体了解下来的情况是没有中国电力没有退补的
SPEAKER_03,01:19:13.720,01:19:15.240,好的
SPEAKER_03,01:19:15.240,01:19:16.920,我这边没有其他问题了
speaker_无,01:19:16.920,01:19:18.280,嗯
SPEAKER_06,01:19:20.720,01:19:23.440,乔总我问最后一个问题
SPEAKER_06,01:19:23.440,01:19:24.120,不好意思
SPEAKER_06,01:19:24.280,01:19:27.680,就是咱们底层项目有一个Excel的测算
SPEAKER_06,01:19:27.680,01:19:29.760,测算表是谁做的
SPEAKER_00,01:19:32.760,01:19:34.640,你说的Excel测算它是这样
SPEAKER_00,01:19:34.640,01:19:36.800,就是因为我们每个项目都要做评估
SPEAKER_00,01:19:36.800,01:19:40.320,所以说它测算表都是评估公司做的
SPEAKER_00,01:19:40.600,01:19:45.080,因为就是说就相当于是我们可以通过测算表来看出来
SPEAKER_00,01:19:45.080,01:19:47.640,它评估公司测算的现金流是多少
SPEAKER_00,01:19:47.640,01:19:49.800,以及它的评估值是怎么估出来的
SPEAKER_06,01:19:50.360,01:19:54.400,它测算里面的数据应该都是有事实依据的
SPEAKER_00,01:19:54.400,01:19:58.720,这个肯定是应该都是具体的项目公司
SPEAKER_00,01:19:58.720,01:20:01.000,都是给他们出了相应的盖章文件的
SPEAKER_00,01:20:01.000,01:20:05.440,包括说Excel表您可以看一下最终的结果页
SPEAKER_00,01:20:05.440,01:20:08.840,跟我们评估报告正式报告上的数都是对得上的
SPEAKER_06,01:20:08.840,01:20:15.360,然后这个评估报告和测算应该也经过
SPEAKER_06,01:20:15.360,01:20:18.720,过中国电力内部的一个审查了
SPEAKER_00,01:20:19.320,01:20:22.440,它这个评估报告不光要经过中国电力审查
SPEAKER_00,01:20:22.440,01:20:23.400,然后据我们了解
SPEAKER_00,01:20:23.400,01:20:27.560,它应该还是要请什么外部专家开外部专家会
SPEAKER_00,01:20:27.560,01:20:30.440,开完之后最后要报到国电头集团
SPEAKER_00,01:20:30.440,01:20:31.960,集团评审完还要公示
SPEAKER_00,01:20:31.960,01:20:33.680,公示完之后还要去备案
SPEAKER_00,01:20:33.680,01:20:38.200,它都是经过这一系列比较规范的国资的流程的
SPEAKER_06,01:20:39.040,01:20:40.960,明白 谢谢 没有问题了
SPEAKER_02,01:20:49.720,01:20:51.520,看看大家如果没有问题的话
SPEAKER_02,01:20:51.520,01:20:55.360,就是把刚才遗留的那些问题
SPEAKER_02,01:20:55.360,01:20:57.600,特别需要的一些数据什么的
SPEAKER_02,01:20:57.600,01:20:59.880,就是能整合一下
SPEAKER_02,01:20:59.880,01:21:03.000,然后到时候请乔经理那边发给我
SPEAKER_02,01:21:03.000,01:21:05.720,我来安排人回复一下
speaker_无,01:21:06.640,01:21:08.080,好的 谢谢沈总
SPEAKER_00,01:21:13.880,01:21:16.360,看看咱们大家资产的各位领导同事
SPEAKER_00,01:21:16.360,01:21:18.360,还有没有需要进一步补充的问题
speaker_无,01:21:18.360,01:21:24.000,乔经理 我想问一下
SPEAKER_02,01:21:24.000,01:21:27.360,刚才讲的那名字也没听太清楚
SPEAKER_02,01:21:27.360,01:21:29.360,是大象
speaker_无,01:21:29.360,01:21:31.360,大家资产
SPEAKER_00,01:21:31.360,01:21:33.360,大家资产
SPEAKER_02,01:21:33.360,01:21:35.360,大家的大家 是吗
speaker_无,01:21:35.360,01:21:40.040,对 具体的情况我会后跟您沟通一下
SPEAKER_00,01:21:40.040,01:21:42.040,好的
SPEAKER_00,01:21:42.040,01:21:46.120,如果说咱们这边领导同事
SPEAKER_06,01:21:46.120,01:21:48.120,应该没了
SPEAKER_06,01:21:48.120,01:21:50.120,谢谢沈总
SPEAKER_00,01:21:50.120,01:21:52.480,咱们今天的电话会就先到这里
SPEAKER_00,01:21:52.480,01:21:55.120,然后后续可能有些数据 问题
SPEAKER_00,01:21:55.120,01:21:56.720,还烦请沈总帮忙协调一下
SPEAKER_00,01:21:56.720,01:21:58.480,中间的其他同事补充一下
SPEAKER_00,01:21:58.480,01:22:01.480,也非常感谢大家资产的各位领导和同事
SPEAKER_00,01:22:01.480,01:22:03.480,参与我们今天的电话访谈
SPEAKER_00,01:22:03.480,01:22:05.280,如果说没有进一步的问题
SPEAKER_00,01:22:05.280,01:22:07.080,我们今天的电话会就先到这里
speaker_无,01:22:07.080,01:22:09.080,谢谢大家
SPEAKER_02,01:22:09.080,01:22:10.080,好
SPEAKER_04,01:22:10.080,01:22:11.080,谢谢两位领导
SPEAKER_02,01:22:11.080,01:22:13.080,再见
